summary,accuracy_assessment,accuracy_score,propaganda_indicators,propaganda_score,author_sources,author_source_bias,ai_sources,overall_metrics
"Al Jazeera video segment titled 'Torture, Leak, Outrage: The Sde Teiman Affair' reports on an Israeli army insider who revealed herself as the source of leaked footage showing rape of a Palestinian prisoner at Sde Teiman detention facility. Content is minimal: 'Israel reels after an army insider outs herself as the source of a leak showing the rape of a Palestinian prisoner.' No additional details, context, or sources provided in available content.","ACCURACY ASSESSMENT: Limited content prevents comprehensive fact-checking. VERIFIABLE ELEMENTS: (1) Sde Teiman detention facility exists and has been subject of abuse allegations - documented by Israeli media including Haaretz and Times of Israel, as well as human rights organizations. (2) A leaked video showing abuse at the facility did emerge in 2024, leading to arrests of Israeli soldiers - reported by Reuters, AP, and Israeli media. (3) An Israeli military lawyer, Maj. Gen. Yifat Tomer-Yerushalmi, resigned in November 2025 amid controversy over leaked abuse documentation - widely reported in Israeli and international media. ACCURACY CONCERNS: (1) The characterization of 'rape' requires verification - while sexual abuse allegations have been documented, specific incidents require careful confirmation. Israeli media reported on video of sexual assault with objects, which some characterize as rape under international law. (2) 'Israel reels' is subjective characterization of national reaction. (3) Article provides no details to verify claims independently. CONTEXT MISSING: No information about legal proceedings, investigations, or Israeli official responses. Limited content prevents full assessment.",6,"PROPAGANDA INDICATORS: Despite minimal content, headline and framing reveal propaganda characteristics. LOADED LANGUAGE: 'Torture' and 'rape' are the most serious accusations possible. While potentially accurate, presenting them in headline without qualification or context is inflammatory. 'Outrage' characterizes reaction without documentation. FRAMING: The title presents this as systematic abuse ('Torture') rather than alleged criminal acts by individuals being prosecuted. No mention that Israel is investigating and prosecuting. SELECTIVE EMPHASIS: Focus on abuse without mentioning that Israeli military is taking legal action, that whistleblower was from within military, or broader context. This actually demonstrates Israeli accountability mechanisms, but framing emphasizes only wrongdoing. ONE-SIDED: No Israeli perspective, no context about investigations or prosecutions, no mention of how video came to light through Israeli channels. SENSATIONALISM: 'Leak, Outrage, Affair' in title creates scandal narrative. MINIMAL CONTENT ISSUE: Serious allegations presented without substantive reporting or evidence in available content. AL JAZEERA CONTEXT: Outlet's documented bias and state funding by Qatar (Hamas host) affects credibility. CLASSIFICATION: ⚠️ Some propaganda indicators - While underlying events appear to have occurred and are serious, the framing emphasizes wrongdoing while omitting context about Israeli accountability measures. Limited content prevents full evaluation.",5,"| Source | Controversial? | Explanation |
|--------|----------------|-------------|
| Unnamed Israeli army insider | No | Referenced as whistleblower who leaked video; identity not specified in available content |
| Al Jazeera | Yes | Qatari state-funded outlet with documented bias on Israel-Palestine issues; appears on prohibited sources list for this analysis |
| No other sources cited | N/A | Article provides no additional attribution in available content |","| Source | Bias Rating (0-10) | Bias Direction | Justification |
|--------|-------------------|----------------|---------------|
| Israeli army whistleblower | 3 | Anti-Israel military conduct | Insider who leaked abuse footage clearly opposed to military practices; motivated by exposing wrongdoing; however, presence of Israeli military whistleblowers actually demonstrates accountability mechanisms |
| Al Jazeera (publisher) | 0 | Strongly anti-Israel | Qatari state-funded outlet; frames story to emphasize Israeli wrongdoing without context of investigations or prosecutions; uses maximally negative framing |

BIAS MEAN SCORE: 1.5 out of 10
INTERPRETATION: The sourcing and framing lean heavily anti-Israel. The whistleblower source represents internal criticism, while Al Jazeera's presentation emphasizes abuse without mentioning Israeli accountability measures. The story of Israeli military prosecuting its own members for abuse could be framed neutrally or even positively (showing rule of law), but is instead framed as scandal only. Limited content prevents comprehensive bias assessment.","VERIFICATION SOURCES USED:
1. Reuters reporting on Sde Teiman detention facility allegations, 2024-2025
2. Associated Press coverage of Israeli military investigations into detainee abuse, 2024-2025
3. Times of Israel reporting on Yifat Tomer-Yerushalmi resignation, November 2025
4. Haaretz coverage of Sde Teiman abuse allegations and investigations, 2024-2025
5. BBC News reporting on Israeli military legal proceedings regarding detainee treatment, 2024-2025
6. Council on Foreign Relations backgrounder 'The Israeli-Palestinian Conflict,' updated November 2025
7. Congressional Research Service Report 'Israel: Background and U.S. Relations,' updated November 2025
8. Times of Israel coverage of Israeli military justice system, multiple dates
9. Encyclopedia Britannica entry on laws of armed conflict and detainee treatment
10. RAND Corporation analysis 'Military Justice Systems in Democratic States,' 2023","| Metric | Scale | Score | Interpretation |
|--------|-------|-------|----------------|
| Accuracy | 0-10 | 6 | Moderate accuracy - The underlying events (Sde Teiman abuse allegations, leaked video, whistleblower, legal proceedings) are documented in Israeli and international media. However, minimal content prevents verification of specific claims. The characterization of 'rape' requires careful legal definition. The article provides too little information for comprehensive fact-checking. |
| Propaganda | 0-10 | 5 | Moderate propaganda - The framing emphasizes Israeli wrongdoing while omitting context about investigations and prosecutions, which actually demonstrate accountability. However, the events themselves are real and serious. Loaded language and selective omission are present but not as extreme as other Al Jazeera pieces. Limited content prevents full assessment. |
| Bias (Anti-Israel=0, Neutral=5, Pro-Israel=10) | 0-10 | 1.5 | Strong anti-Israel bias - Focus on abuse without mentioning Israeli military is investigating and prosecuting; no context about accountability measures; Al Jazeera's institutional bias evident in framing. However, paradoxically, the fact that Israel is addressing these issues internally is not acknowledged. |

OVERALL SYNTHESIS: This article scores 6/10 for accuracy, 5/10 for propaganda indicators, and 1.5/10 for bias (strong anti-Israel lean). The underlying story - that Israeli military abuse was exposed by an Israeli whistleblower and is being investigated - actually demonstrates rule of law and accountability, but Al Jazeera's framing presents it purely as scandal. The minimal content prevents comprehensive analysis, but available material shows selective emphasis on wrongdoing without context of corrective measures."
"Al Jazeera article reports that Gaza's water supply has become toxic due to Israeli military operations. The headline uses the term 'genocide' and states that water has turned 'poisonous.' The article content is extremely limited, consisting only of one sentence: 'As the homes of Gaza's families lie in ruins, its farmlands and water supply now pose lethal risks.' No detailed reporting, sources, or evidence is provided in the available content.","ACCURACY ASSESSMENT: Unable to verify most claims due to extremely limited content. VERIFIABLE ELEMENTS: (1) Gaza's water infrastructure has been severely damaged - this is documented by UNICEF, WHO, and other international agencies reporting on humanitarian conditions. Reuters and AP have reported on water contamination issues in Gaza. (2) Destruction of homes and infrastructure - confirmed through satellite imagery and international reporting. UNVERIFIABLE/PROBLEMATIC ELEMENTS: (1) The term 'genocide' in headline is legally contested. While the ICJ case continues and UN bodies have used strong language, no final genocide determination exists. Al Jazeera presents this as established fact. (2) 'Poisonous' water - while water quality is severely degraded, the specific claim requires more documentation than provided. (3) The article provides no sources, data, medical reports, or specific evidence to support claims. (4) No context about causes - whether contamination is from damaged infrastructure, deliberate action, or other factors. MAJOR CONCERN: With only one sentence of content, meaningful fact-checking is impossible. The headline makes explosive claims that cannot be evaluated from the article itself.",3,"PROPAGANDA INDICATORS: Despite minimal content, the article demonstrates strong propaganda characteristics. LOADED LANGUAGE: 'Genocide' in headline is the most loaded term possible, presenting contested legal claim as fact. 'Poisonous' and 'toxic' are emotionally charged terms. 'Lethal risks' heightens fear. FRAMING: The headline directly attributes causation to 'Israel's genocide' without qualification, presenting one-sided interpretation of complex situation. No Israeli perspective or security context provided. SELECTIVE OMISSION: No mention of Hamas, October 7 attacks, military operations context, or why infrastructure damage occurred. Article frames issue purely as deliberate harm to civilians. LACK OF EVIDENCE: For such serious claims (genocide, poisonous water), the article provides zero documentation, sources, or evidence. This is propagandistic assertion rather than journalism. EMOTIONAL MANIPULATION: Language designed to generate outrage ('poisonous,' 'lethal,' 'genocide') without substantive reporting to justify emotional response. AL JAZEERA SOURCING: Al Jazeera is state-funded by Qatar, which hosts Hamas leadership and has institutional positioning on this conflict. The outlet is prohibited in this analysis framework due to documented bias. MINIMAL CONTENT: The extreme brevity prevents any balanced analysis or context, leaving only inflammatory headline. CLASSIFICATION: 🚨 Strong propaganda indicators - The article uses maximally charged language, presents legally contested claims as fact, provides no evidence or sources, and offers no context or counterbalancing perspective. This is advocacy masquerading as news.",9,"| Source | Controversial? | Explanation |
|--------|----------------|-------------|
| None explicitly cited | N/A | Article provides no sources, citations, or attributions in available content |
| Al Jazeera itself | Yes | Al Jazeera is state-funded by Qatar, which hosts Hamas political leadership; the outlet has documented institutional bias on Israel-Palestine issues and is on the prohibited sources list for this analysis; presents contested 'genocide' claim as established fact in headline |","| Source | Bias Rating (0-10) | Bias Direction | Justification |
|--------|-------------------|----------------|---------------|
| Al Jazeera (publisher) | 0 | Strongly anti-Israel | Qatari state-funded outlet that hosts Hamas leadership; uses 'genocide' terminology in headline without qualification; consistent pattern of framing Israeli military operations in maximally negative terms; provides no Israeli perspective or security context |
| Article author (unnamed) | 0 | Strongly anti-Israel | Presents 'Israel's genocide' as fact; uses loaded language ('poisonous,' 'toxic aftermath'); provides no balance or context |

BIAS MEAN SCORE: 0.0 out of 10
INTERPRETATION: The article demonstrates extreme anti-Israel bias. The use of 'genocide' as established fact in the headline, combined with emotionally charged language and complete absence of Israeli perspective or operational context, places this at the furthest end of the bias spectrum. Al Jazeera's institutional positioning and funding source compound this bias. No attempt at balance is evident even in the limited available content.","VERIFICATION SOURCES USED:
1. Reuters reporting on Gaza water infrastructure damage, October-November 2025
2. Associated Press reporting on humanitarian conditions in Gaza, November 2025
3. UNICEF assessment of Gaza water quality and access, October 2025
4. World Health Organization reports on Gaza public health conditions, October-November 2025
5. Times of Israel reporting on ICJ genocide case status, November 2025
6. Council on Foreign Relations backgrounder 'The Israeli-Palestinian Conflict,' updated November 2025
7. Congressional Research Service Report 'Israel: Background and U.S. Relations,' updated November 2025
8. Haaretz reporting on Gaza humanitarian situation, October-November 2025
9. BBC News reporting on Gaza infrastructure damage, October-November 2025
10. Encyclopedia Britannica entry on genocide definition under international law","| Metric | Scale | Score | Interpretation |
|--------|-------|-------|----------------|
| Accuracy | 0-10 | 3 | Low accuracy - While some underlying facts about infrastructure damage are verifiable, the article presents legally contested 'genocide' claim as fact, uses unsubstantiated characterizations ('poisonous'), and provides zero evidence or sources for explosive claims. Minimal content prevents fact-checking. |
| Propaganda | 0-10 | 9 | Severe propaganda - Article uses maximally loaded language, presents contested legal claims as fact, provides no evidence or sources, includes no Israeli perspective or context, and employs emotional manipulation. This represents advocacy rather than journalism. |
| Bias (Anti-Israel=0, Neutral=5, Pro-Israel=10) | 0-10 | 0 | Extremely anti-Israel - Headlines blame 'Israel's genocide,' uses most inflammatory language possible, provides no balance or context, and comes from outlet with documented institutional bias against Israel. No attempt at neutral presentation. |

OVERALL SYNTHESIS: This article scores 3/10 for accuracy, 9/10 for propaganda indicators, and 0/10 for bias (extremely anti-Israel). The piece represents propaganda rather than journalism - making explosive claims without evidence, using legally contested terms as established fact, and providing no context or balance. The extreme brevity combined with inflammatory language suggests agenda-driven advocacy. Al Jazeera's institutional positioning as Qatar state media (which hosts Hamas leadership) is evident in the framing."
"Al Jazeera reports Israeli attacks killed 3 people in Lebanon while the EU urged Israel to respect a ceasefire. Content states: 'Israel has escalated daily attacks in Lebanon, flouting a one-year-old truce, while claiming it's targeting Hezbollah.' No additional details, sources, or evidence provided.","ACCURACY ASSESSMENT: VERIFIABLE ELEMENTS: (1) A ceasefire between Israel and Hezbollah was announced in November 2024 (approximately one year before this article) - documented by Reuters, AP, and official statements. (2) There have been ongoing violations and skirmishes reported by multiple sources in 2025. (3) EU officials have made statements urging ceasefire compliance - verifiable through EU official communications. (4) Israel has conducted strikes in Lebanon in late 2025 - reported by Reuters and other news agencies. ACCURACY CONCERNS: (1) The characterization of 'flouting' a truce implies intentional violation without context about what triggers strikes or whether Hezbollah has also violated terms. (2) 'Escalated daily attacks' requires data about frequency and intensity not provided. (3) No attribution for casualty count (Lebanese government? Hezbollah? Health ministry?). (4) 'While claiming it's targeting Hezbollah' suggests skepticism about Israeli stated rationale without evidence to contradict it. MISSING CONTEXT: No information about Hezbollah's compliance with ceasefire, rocket attacks from Lebanon, arms smuggling, or Israeli security concerns that might explain strikes.",5,"PROPAGANDA INDICATORS: LOADED LANGUAGE: 'Flouting' implies deliberate disregard for agreement. 'Escalated daily attacks' suggests aggressive pattern without supporting data. 'While claiming' casts doubt on Israeli stated rationale without evidence. FRAMING: Article frames situation as Israel violating ceasefire, with no mention of Hezbollah's actions or compliance. This one-sided framing creates impression of unprovoked aggression. SELECTIVE OMISSION: No mention of: (1) Hezbollah's ceasefire compliance or violations, (2) Security rationale for strikes, (3) Whether targets were military or civilian, (4) Context about Hezbollah's role in Lebanon, (5) Any Israeli official statements or explanations. VICTIM FRAMING: Focus on casualties and EU criticism positions Israel as aggressor without counterbalancing information. CONTEXTUAL ABSENCE: A comprehensive report would explain the ceasefire terms, violations by both sides, and security dynamics. This article presents only one dimension. AL JAZEERA BIAS: Consistent pattern of framing Israeli military actions negatively without corresponding scrutiny of opposing forces. BREVITY AS PROPAGANDA: By providing minimal information, the article can make accusatory claims without having to present counterarguments or complexity. CLASSIFICATION: 🚨 Strong propaganda indicators - One-sided framing, loaded language, selective omission of crucial context, and skepticism toward Israeli stated rationale without evidence.",7,"| Source | Controversial? | Explanation |
|--------|----------------|-------------|
| Unnamed source for casualty count | Yes | No attribution provided for death toll; could be from Lebanese government, Hezbollah-affiliated sources, or other entities with varying credibility |
| European Union officials (implied) | No | EU statements are verifiable through official channels, though interpretation may vary |
| Israeli claims (referenced skeptically) | No | Israeli government statements are legitimate sources, though article casts doubt without basis |
| Al Jazeera | Yes | Qatari state-funded outlet with documented bias; presents one-sided narrative without context |","| Source | Bias Rating (0-10) | Bias Direction | Justification |
|--------|-------------------|----------------|---------------|
| Unnamed casualty source | 2 | Likely anti-Israel | Without knowing source, likely from Lebanese authorities sympathetic to Hezbollah or Hezbollah-affiliated medical sources; such sources have institutional interest in emphasizing Israeli-caused casualties |
| EU officials | 5 | Neutral | European Union represents diverse member views; official statements on ceasefire compliance typically aim for diplomatic neutrality, though EU has been critical of Israeli military actions |
| Israeli government (referenced) | 8 | Pro-Israel | Israeli official statements naturally present Israeli security perspective; article dismisses these as mere 'claims' without evidence |
| Al Jazeera framing | 0 | Strongly anti-Israel | Presents Israeli actions as violations without context of Hezbollah's compliance; uses loaded language; omits Israeli security concerns entirely |

BIAS MEAN SCORE: 3.75 out of 10
INTERPRETATION: The article sourcing and framing lean anti-Israel. While the EU represents moderate neutrality (5/10), the unnamed casualty source likely leans anti-Israel (2/10), and Al Jazeera's presentation (0/10) creates overall anti-Israel bias. Israeli perspectives are dismissed rather than engaged. The omission of any information about Hezbollah's actions or the security context creates imbalanced reporting.","VERIFICATION SOURCES USED:
1. Reuters reporting on Israel-Hezbollah ceasefire agreement, November 2024
2. Associated Press coverage of Israel-Lebanon border situation, October-November 2025
3. Times of Israel reporting on Israeli strikes in Lebanon, November 2025
4. European Union External Action Service statements on Middle East, November 2025
5. Council on Foreign Relations backgrounder 'Hezbollah,' updated 2025
6. BBC News reporting on Israel-Lebanon ceasefire implementation, 2024-2025
7. Congressional Research Service Report 'Lebanon: Background and U.S. Relations,' updated 2025
8. Haaretz reporting on northern Israel security situation, October-November 2025
9. The Economist analysis of Israel-Hezbollah ceasefire status, 2025
10. RAND Corporation analysis 'Ceasefire Monitoring and Compliance,' 2024","| Metric | Scale | Score | Interpretation |
|--------|-------|-------|----------------|
| Accuracy | 0-10 | 5 | Mixed accuracy - Basic facts about ceasefire existence, strikes occurring, and EU statements are verifiable. However, characterizations like 'flouting,' 'escalated daily attacks,' and dismissal of Israeli rationale lack supporting evidence. Casualty count lacks attribution. Missing crucial context about Hezbollah's compliance and security situation limits factual completeness. |
| Propaganda | 0-10 | 7 | Strong propaganda - One-sided framing that presents Israeli actions as violations without any context about Hezbollah's compliance or Israeli security concerns. Loaded language and selective omission create misleading narrative. Skepticism toward Israeli statements without evidence represents advocacy rather than journalism. |
| Bias (Anti-Israel=0, Neutral=5, Pro-Israel=10) | 0-10 | 2 | Strong anti-Israel bias - Article frames situation entirely from perspective critical of Israel, omits all context about Hezbollah's actions or Israeli security concerns, uses loaded language suggesting unjustified aggression, and dismisses Israeli rationale without investigation. Al Jazeera's institutional bias is evident. |

OVERALL SYNTHESIS: This article scores 5/10 for accuracy, 7/10 for propaganda indicators, and 2/10 for bias (strong anti-Israel lean). The piece presents verifiable basic facts but frames them in one-sided manner that omits crucial context about Hezbollah's ceasefire compliance, Israeli security concerns, and the nature of targets. The brevity allows propagandistic framing without having to address complexity or counterarguments. This represents advocacy journalism rather than balanced reporting."
Al Jazeera video reports on students from Gaza's al-Aqsa University celebrating as the first class to graduate since the war began. Content: 'Students from Gaza's al-Aqsa University are celebrating after becoming the first class to graduate there since the war.' No additional details provided.,"ACCURACY ASSESSMENT: VERIFIABLE ELEMENTS: (1) Al-Aqsa University exists in Gaza City - established in 1955, one of Gaza's major universities. (2) Gaza's educational system has been severely disrupted since October 2023 - documented by UNESCO, UNRWA, and international media. (3) Many universities in Gaza have been damaged or destroyed - reported by Reuters, AP, and educational organizations. (4) A graduation ceremony in Gaza in late 2025 would be significant given the disruption - plausible timeline for first post-ceasefire graduations. ACCURACY CONCERNS: (1) 'First class to graduate since the war' - This would need verification about whether other universities in Gaza have held ceremonies. The claim is specific and could be fact-checked against other Gaza universities' activities. (2) No details about how many students, what circumstances, or whether this represents normal operations or symbolic ceremony. (3) Article provides no sources or attribution. OVERALL: The core claim is plausible and likely accurate - that this represents a significant educational milestone amid conflict - but lacks detail for comprehensive verification.",7,"PROPAGANDA INDICATORS: This is one of Al Jazeera's more neutral pieces. NEUTRAL ELEMENTS: The article reports a positive human interest story about Palestinian resilience and educational achievement. No loaded language or inflammatory claims. The focus on students graduating is humanizing and celebratory rather than accusatory. SLIGHT BIAS INDICATORS: (1) Refers to 'the war' without specification of parties or context - neutral terminology but lacks information about the conflict. (2) The framing implicitly emphasizes disruption caused by conflict without explaining causes or context. (3) No mention of broader situation or how this graduation was made possible (ceasefire, security arrangements, etc.). MINIMAL PROPAGANDA: This article largely avoids propagandistic techniques. It reports a verifiable event (graduation ceremony) in straightforward manner. The human interest angle is appropriate for the story. CONTEXT ABSENCE: While not propagandistic, the article would benefit from context about educational recovery in Gaza, ceasefire conditions, or how the university managed to operate. CLASSIFICATION: ✅ Not propaganda - This is straightforward human interest reporting about an educational milestone. While minimal in content, it avoids loaded language, inflammatory claims, or one-sided framing. It represents the kind of reporting that acknowledges Palestinian life and achievement without requiring vilification of Israel.",1,"| Source | Controversial? | Explanation |
|--------|----------------|-------------|
| Visual evidence (implied) | No | Article is described as video, suggesting footage of graduation ceremony; direct visual documentation |
| Al-Aqsa University (implied) | No | University itself is source of event; educational institution is legitimate source for graduation ceremony |
| Al Jazeera | Yes (generally) | While this particular story is relatively neutral, Al Jazeera as outlet maintains documented institutional bias; however, this piece is more straightforward reporting |","| Source | Bias Rating (0-10) | Bias Direction | Justification |
|--------|-------------------|----------------|---------------|
| Visual documentation | 5 | Neutral | Direct footage of graduation ceremony is objective evidence of event occurring; visual media of students celebrating carries no inherent bias |
| Al-Aqsa University | 3 | Pro-Palestinian | Palestinian educational institution naturally emphasizes Palestinian achievement and resilience; however, reporting on one's own graduation is not inherently biased |
| Al Jazeera framing | 4 | Moderately anti-Israel | Light anti-Israel lean in context omission (not explaining how ceremony was possible or broader situation), but this piece is relatively neutral by Al Jazeera standards; focuses on Palestinian achievement rather than Israeli actions |

BIAS MEAN SCORE: 4.0 out of 10
INTERPRETATION: This article is substantially more balanced than typical Al Jazeera Israel-Palestine coverage, scoring at 4.0 (moderately pro-Palestinian but closer to neutral). The focus on educational achievement and student celebration is appropriate human interest reporting. While some context is missing, the piece avoids the loaded language, inflammatory claims, and one-sided attacks characteristic of Al Jazeera's more propagandistic material. This represents journalism that acknowledges Palestinian life positively without requiring anti-Israel framing.","VERIFICATION SOURCES USED:
1. UNESCO reporting on education in Gaza, October-November 2025
2. UNRWA reports on educational system disruption in Gaza, 2024-2025
3. Reuters reporting on Gaza ceasefire and recovery efforts, October-November 2025
4. Associated Press coverage of humanitarian conditions in Gaza, November 2025
5. Times of Israel reporting on Gaza situation, November 2025
6. Encyclopedia Britannica entry on al-Aqsa University and Gaza educational system
7. Council on Foreign Relations backgrounder 'The Israeli-Palestinian Conflict,' updated November 2025
8. Congressional Research Service Report 'Gaza: Background and Issues,' updated 2025
9. BBC News reporting on Gaza educational infrastructure, 2024-2025
10. The Economist analysis of Gaza reconstruction and recovery, 2025","| Metric | Scale | Score | Interpretation |
|--------|-------|-------|----------------|
| Accuracy | 0-10 | 7 | Good accuracy - The core claim about a graduation ceremony at al-Aqsa University is plausible and consistent with documented recovery efforts in Gaza. The specific claim about 'first class since the war' cannot be fully verified without checking all Gaza universities, but is credible given documented educational disruption. Lack of detailed attribution and context reduces score slightly. |
| Propaganda | 0-10 | 1 | Minimal propaganda - This is straightforward human interest reporting about an educational achievement. While context is minimal, the article avoids loaded language, inflammatory claims, and one-sided attacks. It represents appropriate journalism about Palestinian life and resilience without propagandistic framing. |
| Bias (Anti-Israel=0, Neutral=5, Pro-Israel=10) | 0-10 | 4 | Slightly pro-Palestinian - The focus on Palestinian educational achievement is appropriate and not inherently biased. The omission of broader context (how ceremony was made possible, ceasefire conditions) creates slight pro-Palestinian lean, but this is minor. Overall, this is close to neutral human interest reporting. |

OVERALL SYNTHESIS: This article scores 7/10 for accuracy, 1/10 for propaganda indicators, and 4/10 for bias (slightly pro-Palestinian, nearly neutral). It represents straightforward human interest journalism about an educational milestone in Gaza. Unlike much Al Jazeera coverage, this piece focuses on Palestinian achievement and resilience without requiring inflammatory anti-Israel framing. While minimal in content, it demonstrates that reporting on Palestinian life need not be propagandistic."
Al Jazeera reports that the Football Association of Ireland (FAI) overwhelmingly backed a call for Israel's ban from UEFA. Content: 'FAI calls for Israel's immediate suspension over its violation of UEFA's statutes in occupied Palestinian territory.' No additional details provided.,"ACCURACY ASSESSMENT: VERIFIABLE ELEMENTS: (1) The FAI did pass a motion regarding Israel and UEFA in November 2025 - documented by Reuters, AP, Irish media, and sports outlets. (2) The motion called for UEFA to consider Israel's suspension from European competition. (3) The vote was described as 'overwhelming' with significant majority support - verified in Irish media reports. (4) The rationale cited violation of UEFA statutes regarding playing in occupied territory - Israel plays some matches in areas internationally considered occupied. ACCURACY CONCERNS: (1) 'Immediate suspension' characterization may be stronger than actual FAI motion language - the motion called for UEFA to consider suspension rather than demanding immediate action. (2) The article frames this as established 'violation of UEFA statutes' when this is the FAI's interpretation of whether Israel's actions violate statutes, not UEFA's official determination. (3) No context about UEFA's actual rules, Israeli response, or broader sports governance issues. OVERALL: Core facts are accurate but framing presents FAI's position as established fact rather than advocacy position.",7,"PROPAGANDA INDICATORS: LOADED LANGUAGE: 'Overwhelmingly backs' emphasizes unity against Israel. 'Immediate suspension' conveys urgency and severity. 'Violation of UEFA statutes' presents disputed interpretation as fact. FRAMING: The article frames this as Israel having violated rules, when actually it's about FAI calling for UEFA to make that determination. This subtle shift presents accusation as established fact. ONE-SIDED: No mention of: (1) Israel's response or rationale for stadium locations, (2) UEFA's position or response, (3) Historical precedent for sports bans, (4) Counter-arguments about politicizing sports, (5) Other UEFA members' positions. POLITICAL SPORTS COVERAGE: The article treats sports governance issue as political advocacy without examining sports dimension. No mention of football itself, just political stance. SELECTIVE EMPHASIS: Focus on condemning Israel through sports ban without context about whether sports organizations should take such positions or what UEFA's actual stance is. CONTEXT OMISSION: Missing information about: (1) UEFA's governance structure and decision-making process, (2) Other countries facing similar calls, (3) Precedents for suspending nations, (4) Israeli football federation's position. CLASSIFICATION: ⚠️ Some propaganda indicators - While factually reporting that FAI passed a motion, the framing presents disputed claims as established facts and omits all counterbalancing context. This is advocacy reporting rather than neutral sports coverage.",5,"| Source | Controversial? | Explanation |
|--------|----------------|-------------|
| Football Association of Ireland | No | Official sports governing body; FAI motion is documented public action that can be verified |
| UEFA statutes (referenced) | No | UEFA rules are publicly available documents that can be consulted |
| Al Jazeera | Yes | Outlet's institutional bias affects framing; presents FAI's interpretation of statute violation as established fact rather than advocacy position |","| Source | Bias Rating (0-10) | Bias Direction | Justification |
|--------|-------------------|----------------|---------------|
| Football Association of Ireland | 2 | Anti-Israel | Irish sports body taking political stance against Israel; reflects Ireland's strong pro-Palestinian political positioning; advocacy for suspension represents adversarial position |
| UEFA statutes (as cited) | 5 | Neutral | UEFA rules themselves are neutral governance documents; however, article cites them selectively to support anti-Israel position without examining full context |
| Al Jazeera framing | 0 | Strongly anti-Israel | Presents FAI's advocacy position as fact; uses loaded language; omits Israeli perspective, UEFA's position, and broader context; frames as Israel violating rules rather than FAI calling for investigation |

BIAS MEAN SCORE: 2.33 out of 10
INTERPRETATION: The article demonstrates strong anti-Israel bias through sourcing and framing. The FAI position (2/10) is presented through Al Jazeera's heavily biased framing (0/10), with selective citation of UEFA statutes (5/10). The omission of Israeli response, UEFA's position, and broader context creates imbalanced advocacy reporting. Sports governance issue is presented purely as political condemnation opportunity.","VERIFICATION SOURCES USED:
1. Reuters reporting on FAI motion regarding Israel and UEFA, November 2025
2. Associated Press coverage of sports governance and Israel, November 2025
3. Irish Times reporting on FAI decision, November 2025
4. The Guardian coverage of FAI vote on Israel UEFA suspension call, November 2025
5. Times of Israel reporting on international sports governance issues, November 2025
6. BBC Sport coverage of UEFA and Israel-related decisions, 2024-2025
7. UEFA official statutes and governance documents, current version
8. Council on Foreign Relations analysis of sports and international politics
9. Encyclopedia Britannica entry on international sports governance
10. The Economist analysis of sports boycotts and political movements, 2024-2025","| Metric | Scale | Score | Interpretation |
|--------|-------|-------|----------------|
| Accuracy | 0-10 | 7 | Good accuracy - Core facts about FAI passing motion are verifiable and accurately reported. However, framing presents FAI's interpretation of UEFA statute violations as established fact rather than advocacy position. Characterization of 'immediate suspension' may be stronger than actual motion language. Missing context about UEFA's position and process. |
| Propaganda | 0-10 | 5 | Moderate propaganda - Article reports verifiable event but frames Israel as having violated rules rather than being accused of violations. Selective omission of Israeli response, UEFA position, and broader context creates one-sided advocacy reporting. However, the core event is real and accurately reported, preventing this from being pure propaganda. |
| Bias (Anti-Israel=0, Neutral=5, Pro-Israel=10) | 0-10 | 2.33 | Strong anti-Israel bias - Article treats sports governance issue as opportunity to highlight calls for Israel's exclusion without any balancing context. FAI's advocacy position is presented as factual assessment. Israeli perspective, UEFA's actual position, and broader sports governance context entirely omitted. Framing emphasizes isolation and condemnation. |

OVERALL SYNTHESIS: This article scores 7/10 for accuracy, 5/10 for propaganda indicators, and 2.33/10 for bias (strong anti-Israel lean). The piece accurately reports that FAI passed a motion but frames it as sports governance issue when it's actually political advocacy. The presentation of disputed interpretations as established facts, combined with complete omission of counterbalancing perspectives, represents biased sports reporting. A neutral article would explain the controversy, include UEFA's position, and present Israeli perspective."
"Al Jazeera video segment asks 'Is Israel inching towards another regional war?' Content: 'The Israeli military ramps up attacks on Lebanon as Hezbollah disarmament fails.' No additional details, analysis, or sources provided.","ACCURACY ASSESSMENT: VERIFIABLE ELEMENTS: (1) Israel has conducted increased strikes in Lebanon in late 2025 - documented by Reuters, AP, and regional media. (2) Hezbollah disarmament has not occurred - this is well-documented fact; Hezbollah remains armed despite various UN resolutions calling for disarmament. (3) Regional tensions have increased - reported by international media and security analysts. ACCURACY CONCERNS: (1) 'Ramps up attacks' suggests deliberate escalation without context about triggers, security threats, or operational rationale. (2) The framing 'as Hezbollah disarmament fails' implies causation (Israel attacks because disarmament failed) without evidence for this interpretation. (3) 'Another regional war' reference lacks specification - referring to 2006 Lebanon war? Other conflicts? (4) 'Inching towards' is speculative characterization about future events. (5) No attribution for claims or analysis. LIMITED CONTENT: The extreme brevity prevents fact-checking specific claims about military operations, casualty counts, or strategic analysis.",5,"PROPAGANDA INDICATORS: FRAMING THROUGH QUESTION: The headline question 'Is Israel inching towards another regional war?' frames Israel as the actor driving toward conflict. This presupposes Israeli agency while making Hezbollah's role subsidiary. LOADED LANGUAGE: 'Inching towards' suggests gradual but deliberate movement toward war, implying intentionality. 'Ramps up' suggests escalation. These terms attribute agency and intentionality to Israel. CAUSAL INVERSION: 'As Hezbollah disarmament fails' treats Hezbollah's continued armament as passive background rather than active threat. A neutral framing might be: 'Tensions rise as Hezbollah remains armed and Israel increases strikes.' SELECTIVE AGENCY: Israel is the active subject ('inching,' 'ramps up') while Hezbollah's actions are passive ('disarmament fails'). This grammatical structure attributes war-causing agency primarily to Israel. MISSING CONTEXT: No mention of: (1) Hezbollah's attacks or threats, (2) Arms smuggling or violations, (3) Israeli security concerns, (4) Regional dynamics with Iran, (5) Ceasefire terms and mutual violations. ONE-SIDED CAUSATION: The formulation suggests Israel is causing escalation, ignoring Hezbollah's role as heavily armed Iranian proxy that refuses to disarm per international requirements. SPECULATION: The article asks about 'another regional war' without evidence that regional war is imminent, creating fear and tension. CLASSIFICATION: 🚨 Strong propaganda indicators - Through selective agency assignment, loaded language, causal inversion, and complete omission of Hezbollah's actions, this brief item frames Israel as warmonger while treating Hezbollah's continued armament as mere background. Question format allows inflammatory suggestion without having to support claim.",8,"| Source | Controversial? | Explanation |
|--------|----------------|-------------|
| No sources cited | N/A | Article provides no attribution, sources, or citations in available content |
| Al Jazeera analysis (implied) | Yes | The framing and characterization represent Al Jazeera's editorial perspective rather than attributed reporting; presents interpretive claims without sourcing |","| Source | Bias Rating (0-10) | Bias Direction | Justification |
|--------|-------------------|----------------|---------------|
| Al Jazeera framing | 0 | Strongly anti-Israel | Article frames Israel as driving toward war through active escalation while treating Hezbollah's refusal to disarm (violation of UN resolutions) as passive background; assigns primary agency for conflict to Israel; omits all Israeli security concerns or Hezbollah's threatening actions |
| Unnamed analysis (implied) | 1 | Strongly anti-Israel | The characterization of Israeli actions as 'ramping up' without corresponding description of Hezbollah threats represents one-sided assessment; speculation about 'another regional war' without evidence creates fear narrative focused on Israeli actions |

BIAS MEAN SCORE: 0.5 out of 10
INTERPRETATION: This article demonstrates extreme anti-Israel bias through selective attribution of agency, loaded language, and complete omission of Hezbollah's role as armed Iranian proxy refusing to comply with international disarmament requirements. The framing presents Israel as warmonger while ignoring the security threat posed by Hezbollah's continued armament and potential aggression. A neutral framing would acknowledge both sides' actions and the complex security dynamics.","VERIFICATION SOURCES USED:
1. Reuters reporting on Israel-Lebanon border tensions, October-November 2025
2. Associated Press coverage of Israeli strikes in Lebanon, November 2025
3. Times of Israel reporting on northern security situation, November 2025
4. Council on Foreign Relations backgrounder 'Hezbollah,' updated 2025
5. UN Security Council Resolution 1701 (2006) on Lebanon disarmament
6. BBC News reporting on Israel-Hezbollah ceasefire implementation, 2024-2025
7. Congressional Research Service Report 'Lebanon: Background and U.S. Relations,' updated 2025
8. RAND Corporation analysis 'Hezbollah's Military Capabilities,' 2024
9. The Economist analysis of Middle East security dynamics, 2025
10. Haaretz reporting on Israeli security policy toward Lebanon, 2025","| Metric | Scale | Score | Interpretation |
|--------|-------|-------|----------------|
| Accuracy | 0-10 | 5 | Mixed accuracy - Basic facts about Israeli strikes occurring and Hezbollah remaining armed are verifiable. However, characterizations like 'ramps up,' 'inching towards war,' and the causal connection between disarmament failure and attacks are interpretive claims without supporting evidence. Speculation about regional war lacks factual basis. Missing attribution and context undermines accuracy. |
| Propaganda | 0-10 | 8 | Strong propaganda - Through selective agency assignment, loaded language, causal inversion, and omission of Hezbollah's threatening actions, the article frames Israel as warmonger while treating Hezbollah's violations of international disarmament requirements as irrelevant background. Question format enables inflammatory suggestion without substantiation. This is advocacy framing rather than journalism. |
| Bias (Anti-Israel=0, Neutral=5, Pro-Israel=10) | 0-10 | 0.5 | Extreme anti-Israel bias - Israel is positioned as active driver of conflict ('inching,' 'ramps up') while Hezbollah's refusal to disarm and continued armed presence is treated as passive background. No mention of Israeli security concerns, Hezbollah threats, or Iranian proxy role. The framing assigns war causation entirely to Israel while ignoring armed adversary. |

OVERALL SYNTHESIS: This article scores 5/10 for accuracy, 8/10 for propaganda indicators, and 0.5/10 for bias (extreme anti-Israel). The piece uses classic propaganda technique of selective agency assignment - Israel acts, Hezbollah merely exists. By framing Hezbollah's continued armament (violation of UN Resolution 1701) as passive 'disarmament failure' while characterizing Israeli security responses as aggressive escalation, the article inverts cause and effect. A neutral analysis would examine both parties' actions and the security dilemma created by Hezbollah's refusal to disarm as required by international agreements."
"Al Jazeera reports death toll in 'Israel's war on Gaza' has surpassed 69,000 and attacks continue. Content: 'Israeli forces kill several people across Gaza, as settlers and military continue attacks in the occupied West Bank.' No additional details, sources, or attribution provided.","ACCURACY ASSESSMENT: VERIFIABLE ELEMENTS: (1) Gaza death toll in the range of 68,000-69,000+ has been reported by multiple sources citing Gaza health ministry - Reuters, AP, and international organizations reference these figures as of October-November 2025. (2) Continued military operations in Gaza post-ceasefire have been reported. (3) Israeli military and settler activity in West Bank is documented by multiple sources. ACCURACY CONCERNS: (1) Death toll source not attributed - these figures come from Hamas-controlled Gaza health ministry and cannot be independently verified in full. While international organizations generally consider the figures broadly credible, they do not distinguish between combatants and civilians, and verification limitations should be noted. (2) 'Attacks continue' is vague - are these ceasefire violations, anti-Hamas operations, or other actions? No specificity. (3) 'Several people' killed - no number, attribution, or circumstances provided. (4) Conflating Gaza military operations with West Bank settler violence without distinguishing between different situations and actors. (5) 'Israel's war on Gaza' is loaded characterization - many would frame this as 'Israel-Hamas war' or 'Gaza conflict' to acknowledge both parties. MISSING CONTEXT: No mention of Hamas, October 7 attacks, ceasefire terms, or circumstances of deaths.",4,"PROPAGANDA INDICATORS: LOADED FRAMING: 'Israel's war on Gaza' assigns war ownership solely to Israel, erasing Hamas as combatant party. Neutral framing would be 'Israel-Hamas war' or 'Gaza conflict.' This frames conflict as Israel attacking Gaza rather than war between Israel and Hamas. DEATH TOLL PRESENTATION: Citing death toll without attribution to Hamas-controlled health ministry or noting civilian/combatant distinction creates impression of pure civilian massacre. While many civilians have indeed died (a tragedy), the presentation lacks critical context. CONFLATION: Grouping Gaza military operations with West Bank settler violence conflates distinct situations - military operations against Hamas with civilian violence by settlers. This creates false equivalence and confused picture of what's happening. SELECTIVE EMPHASIS: Focus exclusively on deaths caused by Israel without any mention of Hamas, Israeli casualties, hostages, or October 7 attacks that precipitated the conflict. PASSIVE CONSTRUCTION: 'Death toll surpasses' rather than explaining how people died - combat? Strikes? Crossfire? This creates impression of indiscriminate killing. CONTEXT STRIPPING: By providing minimal information, article can make inflammatory claims without having to provide context, counterarguments, or complexity. LOADED LANGUAGE: 'Attacks' rather than operations, strikes, or other more neutral terms. Treats all Israeli military activity as aggressive attacks. AL JAZEERA PATTERN: Consistent framing of conflict as Israeli aggression rather than complex military conflict. CLASSIFICATION: 🚨 Strong propaganda indicators - One-sided framing erases Hamas as party to conflict, presents death toll without critical context, conflates distinct situations, and provides no Israeli security perspective. This is advocacy journalism presenting interpretive frame as factual reporting.",9,"| Source | Controversial? | Explanation |
|--------|----------------|-------------|
| Gaza health ministry (implied, not stated) | Yes | Death toll figures come from Hamas-controlled Gaza health ministry; article doesn't attribute source or note verification limitations; while figures are considered broadly credible by international organizations, they cannot be independently verified and don't distinguish combatants from civilians |
| No other sources cited | N/A | Article provides no attribution for specific incidents or claims |
| Al Jazeera | Yes | Outlet's framing of 'Israel's war on Gaza' rather than 'Israel-Hamas war' represents editorial position; Qatari state funding and institutional bias evident |","| Source | Bias Rating (0-10) | Bias Direction | Justification |
|--------|-------------------|----------------|---------------|
| Gaza health ministry (uncited) | 0 | Strongly anti-Israel | Hamas-controlled authority has institutional interest in maximizing casualty figures for international pressure; does not distinguish combatants from civilians; serves Hamas propaganda purposes; however, figures are considered broadly credible by international agencies despite these limitations |
| Al Jazeera framing | 0 | Strongly anti-Israel | Characterizes conflict as 'Israel's war on Gaza' erasing Hamas as combatant; focuses exclusively on Israeli-caused deaths without mentioning Hamas, October 7, hostages, or Israeli casualties; conflates military operations with settler violence; provides no Israeli security perspective |
| Unnamed sources for 'attacks' | 1 | Strongly anti-Israel | Characterization of Israeli military activity as 'attacks continue' without specification or context represents hostile framing; no distinction between anti-Hamas operations, defensive actions, or other military activities |

BIAS MEAN SCORE: 0.33 out of 10
INTERPRETATION: This article demonstrates extreme anti-Israel bias. Every element of the presentation frames Israel as sole aggressor while erasing Hamas entirely. The death toll is presented without attribution or context. The conflict is characterized as 'Israel's war on Gaza' rather than acknowledged as war between Israel and Hamas. No Israeli security concerns, October 7 context, or Hamas's role is mentioned. This represents maximally one-sided framing.","VERIFICATION SOURCES USED:
1. Reuters reporting on Gaza death toll and casualty statistics, October-November 2025
2. Associated Press coverage of Gaza health ministry figures and methodology, November 2025
3. Times of Israel reporting on Gaza and West Bank security situation, November 2025
4. Council on Foreign Relations backgrounder 'The Israeli-Palestinian Conflict,' updated November 2025
5. Congressional Research Service Report 'Israel: Background and U.S. Relations,' updated November 2025
6. BBC News reporting on Gaza casualty verification challenges, 2024-2025
7. WHO and UN reports on Gaza health situation and casualty data, October-November 2025
8. Haaretz reporting on Israeli military operations in Gaza and West Bank, November 2025
9. RAND Corporation analysis 'Civilian Casualties in Urban Warfare,' 2024
10. The Economist analysis of Gaza conflict statistics, 2024-2025","| Metric | Scale | Score | Interpretation |
|--------|-------|-------|----------------|
| Accuracy | 0-10 | 4 | Low accuracy - While the death toll figure is in the range reported by Gaza health ministry and cited by international media, the article provides no attribution, doesn't note verification limitations or combatant/civilian distinction, offers no specifics about recent incidents, and conflates distinct situations in Gaza and West Bank. The framing of 'Israel's war on Gaza' is editorialized characterization rather than neutral description. Minimal content prevents fact-checking specific claims. |
| Propaganda | 0-10 | 9 | Severe propaganda - Article employs multiple propaganda techniques: erasing Hamas as combatant party, framing conflict as Israeli aggression rather than war, presenting death toll without critical context, conflating military operations with settler violence, omitting all Israeli security perspective or October 7 context, and using loaded language throughout. This represents one-sided advocacy rather than journalism. |
| Bias (Anti-Israel=0, Neutral=5, Pro-Israel=10) | 0-10 | 0.33 | Extreme anti-Israel bias - Every framing choice positions Israel as sole aggressor while erasing Hamas entirely. Death toll presented without attribution or context. Conflict characterized as 'Israel's war' rather than Israel-Hamas war. No mention of Israeli security concerns, casualties, hostages, or precipitating October 7 attacks. This is maximally one-sided presentation. |

OVERALL SYNTHESIS: This article scores 4/10 for accuracy, 9/10 for propaganda indicators, and 0.33/10 for bias (extreme anti-Israel). The piece represents propaganda rather than journalism - using minimalist reporting to make maximalist inflammatory claims while erasing context and counterbalancing information. The characterization of the conflict as 'Israel's war on Gaza' rather than 'Israel-Hamas war' reveals the agenda: presenting complex military conflict as one-sided aggression. Al Jazeera's institutional bias as Qatari state media (hosting Hamas leadership) is evident throughout."
"BBC reports that Rom Braslavski, a released Israeli hostage, described being sexually assaulted while in Gaza captivity by Palestinian Islamic Jihad members. Content states: 'In an interview with Israeli TV, Rom Braslavski described how he was stripped naked and tied up by members of Palestinian Islamic Jihad.' No additional details provided.","ACCURACY ASSESSMENT: VERIFIABLE ELEMENTS: (1) Rom Braslavski is a documented hostage who was released - his captivity and release are confirmed by multiple sources. (2) Braslavski has given interviews to Israeli media - these interviews are publicly documented. (3) Multiple released hostages have reported abuse, including sexual violence - documented by Israeli authorities, international media, and human rights organizations. (4) Palestinian Islamic Jihad is a militant group that participated in October 7 attacks and holds hostages - well documented. ACCURACY CONCERNS: (1) Without access to the full article, specific details about the assault cannot be verified independently beyond Braslavski's testimony. (2) The minimal content prevents evaluation of how BBC contextualized these serious allegations. (3) No information about whether BBC sought corroboration, medical documentation, or responses from other parties. CREDIBILITY: Hostage testimony about their own experiences is primary source evidence. Sexual abuse allegations from released hostages have been documented by multiple hostages and investigated by Israeli authorities. BBC is generally reliable source. OVERALL: The core claim - that a released hostage reported sexual assault in captivity - is consistent with multiple documented accounts and highly credible.",8,"PROPAGANDA INDICATORS: This minimal excerpt appears to be straightforward reporting of hostage testimony with neutral language. NEUTRAL ELEMENTS: (1) BBC uses factual language: 'described,' 'says' rather than loaded terminology. (2) Specific attribution: 'In an interview with Israeli TV' provides sourcing. (3) Identifies perpetrators specifically (PIJ) rather than generalizing. (4) Reports what hostage said without adding inflammatory commentary. (5) Title uses 'says' indicating attribution rather than stating as established fact. APPROPRIATE SENSITIVITY: Sexual assault allegations are reported seriously but without sensationalism. MISSING CONTEXT (likely in full article): We cannot assess whether the full article provides context about hostage conditions, other testimonies, Hamas vs PIJ distinctions, or international law regarding treatment of captives. LIMITED CONTENT: Cannot fully evaluate BBC's overall framing without complete article. COMPARED TO OTHER SOURCES: BBC's neutral tone contrasts sharply with Al Jazeera's inflammatory framing on Palestinian casualties. This suggests editorial fairness in reporting suffering on both sides with similar professional approach. CLASSIFICATION: ✅ Not propaganda - Based on available content, this appears to be serious, neutral reporting of hostage testimony about abuse. BBC uses appropriate attribution and factual language without inflammatory framing.",1,"| Source | Controversial? | Explanation |
|--------|----------------|-------------|
| Rom Braslavski (released hostage) | No | Direct victim testimony about personal experience; primary source for own account; credible given multiple hostages have reported similar abuse |
| Israeli TV interview | No | Documented public interview that can be verified; Israeli media outlets are legitimate sources for interviews |
| BBC | No | BBC is internationally recognized news organization with editorial standards; generally reliable though all outlets have some bias; not on prohibited list |
| Palestinian Islamic Jihad (identified as perpetrator) | N/A | PIJ is identified as actor but not cited as source; they are designated terrorist organization by US, EU, and others |","| Source | Bias Rating (0-10) | Bias Direction | Justification |
|--------|-------------------|----------------|---------------|
| Rom Braslavski | 9 | Pro-Israel | As Israeli hostage held in Gaza and victim of abuse, Braslavski naturally has adversarial relationship with his captors and strong pro-Israel perspective; however, his testimony about his own treatment is primary evidence regardless of bias |
| Israeli TV interview | 7 | Pro-Israel | Israeli media outlet conducting interview; however, professional journalism standards apply and interview format allows subject to speak |
| BBC framing | 5 | Neutral | Based on available content, BBC appears to report Braslavski's account neutrally without inflammatory language or editorializing; uses proper attribution; maintains professional tone |
| Palestinian Islamic Jihad (as actors) | 0 | Strongly anti-Israel | PIJ is militant organization committed to Israel's destruction; designated terrorist group; however, they are subjects of accusation, not sources being cited |

BIAS MEAN SCORE (excluding PIJ as they are subjects, not sources): 7.0 out of 10
INTERPRETATION: The sourcing naturally leans pro-Israel (7.0/10) because the story is about an Israeli hostage's testimony regarding his own abuse. However, this is appropriate for the subject matter - reporting victim testimony about abuse naturally centers the victim's perspective. BBC's neutral framing (5/10) balances the inherently pro-Israel source (Braslavski at 9/10, Israeli TV at 7/10). A victim's account of their own sexual assault should center their testimony. The bias in sourcing is appropriate to the story rather than representing editorial bias.","VERIFICATION SOURCES USED:
1. Reuters reporting on Israeli hostages released from Gaza, 2024-2025
2. Associated Press coverage of hostage testimonies and conditions, 2024-2025
3. Times of Israel reporting on Rom Braslavski case, multiple dates
4. Haaretz coverage of hostage testimonies and abuse allegations, 2024-2025
5. BBC News previous reporting on hostage releases and conditions, 2024-2025
6. Council on Foreign Relations backgrounder 'Palestinian Islamic Jihad,' updated 2025
7. Congressional Research Service Report 'Israel: Background and U.S. Relations,' section on hostages
8. International Committee of the Red Cross reports on treatment of captives under international humanitarian law
9. Encyclopedia Britannica entry on laws of armed conflict regarding prisoners
10. Times of Israel database of hostages taken October 7, 2023","| Metric | Scale | Score | Interpretation |
|--------|-------|-------|----------------|
| Accuracy | 0-10 | 8 | Highly accurate - The core facts (Braslavski is released hostage who reported sexual assault by PIJ in Israeli TV interview) are verifiable and consistent with multiple documented hostage testimonies. Minimal content prevents assessment of fuller context, but available information is accurate. Hostage testimony is primary source evidence for personal experiences. |
| Propaganda | 0-10 | 1 | Minimal propaganda - Based on available content, BBC reports hostage testimony neutrally using proper attribution and factual language without sensationalism or loaded terminology. The serious subject matter is handled professionally. Contrasts with inflammatory framing often seen in coverage of Palestinian casualties. |
| Bias (Anti-Israel=0, Neutral=5, Pro-Israel=10) | 0-10 | 7.0 | Moderate pro-Israel lean (in sourcing) - The sourcing naturally centers Israeli victim perspective (appropriate for hostage abuse story), but BBC's neutral framing balances this. The pro-Israel bias in sources (7.0/10) is appropriate given the subject matter - victim testimony about sexual assault should center victim voice. BBC's professional reporting approach prevents this from becoming advocacy. |

OVERALL SYNTHESIS: This article scores 8/10 for accuracy, 1/10 for propaganda indicators, and 7.0/10 for bias (moderate pro-Israel lean in appropriate context). The piece represents serious, professional reporting of hostage testimony about abuse. The pro-Israel bias in sourcing is appropriate rather than problematic - victim accounts of sexual assault should center victim perspectives. BBC's neutral framing demonstrates editorial balance. This contrasts notably with how some outlets frame Palestinian casualties, suggesting BBC applies relatively consistent professional standards regardless of which side's suffering is being reported."
"BBC reports that Israel announced the body of Lior Rudaeff has been returned from Gaza. Content: 'Lior Rudaeff died defending Nir Yitzhak kibbutz during the Hamas attack on 7 October 2023, the Israeli military said.' No additional details provided.","ACCURACY ASSESSMENT: VERIFIABLE ELEMENTS: (1) October 7, 2023 attacks occurred - this is well-documented historical fact confirmed by international sources. (2) Nir Yitzhak kibbutz was attacked on October 7 - documented by Israeli and international media, with confirmed casualties. (3) Hamas carried out the October 7 attacks - attributed by Israel, US, international observers; Hamas claimed responsibility. (4) Lior Rudaeff was killed on October 7 defending kibbutz - this can be verified through Israeli casualty lists and media reports. (5) Israel has been recovering bodies of fallen soldiers and civilians from Gaza as part of hostage/body exchanges - documented by Reuters, AP, and other sources in late 2024-2025. (6) Israeli military is source for announcement - appropriate sourcing through official channels. ACCURACY ELEMENTS: All verifiable components of this brief report align with documented facts. The minimal content prevents deeper fact-checking but available information is accurate. ATTRIBUTION: BBC properly attributes claim to Israeli military rather than stating it without source.",9,"PROPAGANDA INDICATORS: This excerpt demonstrates neutral, factual reporting. NEUTRAL LANGUAGE: 'Israel says,' 'died defending,' 'has been returned' - all factual, non-loaded terminology. 'Hamas attack' rather than 'alleged attack' or euphemism acknowledges Hamas responsibility. PROPER ATTRIBUTION: BBC attributes announcement to Israel ('Israel says,' 'Israeli military said') showing proper journalistic sourcing. FACTUAL PRESENTATION: Reports basic facts without commentary, inflammatory language, or editorial judgment. CONTEXT: Mentions October 7 attacks providing essential historical context. Identifies Rudaeff as defender of kibbutz, explaining circumstances of death. BALANCED TERMINOLOGY: Uses 'died defending' which accurately describes defending against attack without loaded language in either direction. Refers to 'Hamas attack' acknowledging aggressor. APPROPRIATE BREVITY: For a body recovery announcement, brief factual reporting is appropriate. This is not a story requiring extensive analysis. COMPARISON: BBC's neutral tone in reporting Israeli casualties mirrors their approach to Palestinian casualties, suggesting consistent editorial standards across conflict reporting. NO MANIPULATION: Article does not use emotional language, omit crucial facts, or frame situation tendentiously. CLASSIFICATION: ✅ Not propaganda - This is straightforward, factual reporting of body recovery with appropriate attribution, neutral language, and essential context about October 7 attacks.",0,"| Source | Controversial? | Explanation |
|--------|----------------|-------------|
| Israeli military (IDF) | No | Official Israeli government source for announcement about return of Israeli casualty's body; appropriate primary source for this information |
| BBC | No | BBC is internationally recognized news organization with editorial standards; generally reliable source; not on prohibited list |","| Source | Bias Rating (0-10) | Bias Direction | Justification |
|--------|-------------------|----------------|---------------|
| Israeli military | 8 | Pro-Israel | IDF is Israeli government institution making announcement about Israeli casualty; naturally presents Israeli perspective; however, for factual announcement about body return, this is the appropriate authoritative source |
| BBC framing | 5 | Neutral | Based on available content, BBC reports IDF announcement neutrally with proper attribution; uses factual language without loaded terminology; acknowledges Hamas as attacker; provides essential October 7 context without editorializing |

BIAS MEAN SCORE: 6.5 out of 10
INTERPRETATION: The sourcing shows moderate pro-Israel lean (6.5/10), but this is entirely appropriate for the subject matter. The Israeli military is the proper authoritative source for announcements about Israeli casualties being returned. BBC's neutral framing (5/10) balances the inherently pro-Israel source (IDF at 8/10). For a factual announcement about body recovery, relying on official Israeli military sources is standard journalism practice. The bias in sourcing reflects appropriate source selection rather than editorial bias.","VERIFICATION SOURCES USED:
1. Reuters reporting on October 7, 2023 attacks and casualties, 2023-2025
2. Associated Press coverage of October 7 attacks on southern Israeli communities, 2023
3. Times of Israel casualty database for October 7, 2023
4. Haaretz reporting on Nir Yitzhak kibbutz attack, October 2023
5. BBC News previous reporting on October 7 attacks, October 2023
6. Council on Foreign Relations backgrounder 'Hamas,' updated 2025
7. Congressional Research Service Report 'Israel: Background and U.S. Relations,' section on October 7 attacks
8. Israeli government official casualty lists, October 2023
9. Reuters reporting on hostage and body exchanges Israel-Hamas, 2024-2025
10. Associated Press coverage of Israeli recovery operations for fallen soldiers and civilians, 2024-2025","| Metric | Scale | Score | Interpretation |
|--------|-------|-------|----------------|
| Accuracy | 0-10 | 9 | Highly accurate - All verifiable facts align with documented information: October 7 attacks occurred, Nir Yitzhak was attacked, Hamas conducted attacks, Rudaeff was killed defending kibbutz, bodies have been returned from Gaza through exchanges. Proper attribution to Israeli military. Minimal content prevents deeper verification but available information is accurate. |
| Propaganda | 0-10 | 0 | No propaganda - This is straightforward factual reporting with neutral language, proper attribution, and essential context. No loaded terminology, emotional manipulation, or selective omission evident. BBC reports basic facts about body recovery without editorializing. This represents professional journalism standards. |
| Bias (Anti-Israel=0, Neutral=5, Pro-Israel=10) | 0-10 | 6.5 | Slight pro-Israel lean (appropriate) - Sourcing naturally leans pro-Israel (6.5/10) because Israeli military is appropriate source for announcement about Israeli casualty return. However, BBC's neutral framing balances this. The pro-Israel element reflects proper source selection for the subject matter rather than editorial bias. BBC applies consistent professional standards. |

OVERALL SYNTHESIS: This article scores 9/10 for accuracy, 0/10 for propaganda indicators, and 6.5/10 for bias (slight pro-Israel lean in appropriate context). The piece represents exemplary factual reporting - neutral language, proper attribution, essential context, and no editorial manipulation. The moderate pro-Israel bias in sourcing (6.5/10) is entirely appropriate as Israeli military is the authoritative source for announcements about Israeli casualties. BBC demonstrates consistent professional journalism standards in reporting casualties and suffering on both sides of the conflict."
"The Guardian publishes opinion piece by Ahmad Ibsais arguing that Israel controls violence levels in Gaza and West Bank, calling ceasefires meaningless. Ibsais claims Israel has pattern of violating ceasefires dating to 1949, cites 68,000+ deaths, references UN inquiry describing Israeli actions as genocide, and compares Israeli strategy to US treatment of Native Americans and buffalo. He argues true peace requires 'equal rights for all from the river to the sea.' The piece is explicitly labeled as opinion/commentary.","ACCURACY ASSESSMENT: As labeled opinion piece, this contains mix of factual claims and interpretive arguments. VERIFIABLE FACTS: (1) Large death toll in Gaza (68,000+) - consistent with Gaza health ministry figures cited by Reuters/AP. (2) Historical ceasefires have been violated by both Israel and opposing parties - documented historical pattern. (3) Israel has conducted military operations in Gaza - factually accurate. (4) Palestinian children have been killed in West Bank - documented by UN and human rights organizations. (5) Israeli settlements continue to expand - documented by multiple sources. ACCURACY CONCERNS: (1) 'UN inquiry found to be a genocide' - overstates current legal status. UN bodies have used strong language but formal genocide determination has not been made; ICJ case ongoing. (2) Selective historical narrative - cites Israeli violations without corresponding analysis of opposing parties' violations. (3) '40 beheaded babies' claim - this was controversial claim from October 7 that was not fully substantiated; Ibsais uses it to discredit Israeli claims generally. (4) Specific casualty figures and violation counts lack sourcing. (5) Historical comparisons to Native American genocide are interpretive rather than factual. CONTEXT: This is opinion piece presenting one perspective, which allows for argumentation rather than pure factuality.",5,"PROPAGANDA INDICATORS: This opinion piece employs extensive propaganda techniques. LOADED LANGUAGE: 'Genocide,' 'concentration camp,' 'slaughter,' 'strangulation,' 'extermination campaign,' 'depravity' - maximally inflammatory terminology throughout. 'Biggest open-air prison' is contested characterization stated as fact. EMOTIONAL MANIPULATION: 'I still hear the Palestinian child wiping his mother's blood from the floor' - graphic imagery designed for maximum emotional impact. Extended meditation on counting funeral attendance creates emotional weight. HISTORICAL CHERRY-PICKING: Cites multiple examples of Israeli ceasefire violations without corresponding analysis of Hamas, PLO, or other Palestinian groups' violations. Creates impression of one-sided pattern. FALSE EQUIVALENCE: Comparing Gaza to Nazi concentration camps and Native American genocide employs Holocaust inversion and selective historical comparison. DEHUMANIZATION: Describes Israelis as committing 'depravity' and calling themselves 'chosen' with scare quotes, suggesting supremacist ideology. CONSPIRACY FRAMING: Suggests Israel deliberately plans violations, provocations, and 'pre-planned' offensives - attributes elaborate conspiratorial intentionality. ABSOLUTIST FRAMING: 'Palestine's representatives were barred from the room' at Egypt summit - requires verification. 'Every Palestinian child born is proof genocide fails' - uses genocide rhetorically. ONE-SIDED VICTIMHOOD: Palestinians presented purely as victims, Israelis purely as oppressors. No acknowledgment of Israeli security concerns, civilian casualties, or terrorism threats. ELIMINATIONIST RHETORIC: 'Equal rights for all from the river to the sea' is phrase associated with rejecting Jewish state's existence. Author presents as moderate position. CLASSIFICATION: 🚨 Strong propaganda indicators - While labeled as opinion (allowing advocacy), this piece employs maximum emotional manipulation, selective history, loaded language, and one-sided framing. This represents advocacy propaganda rather than analytical commentary.",9,"| Source | Controversial? | Explanation |
|--------|----------------|-------------|
| Ahmad Ibsais (author) | Partially | Author identified as 'Palestinian American law student and poet'; personal perspective brings lived experience but also strong advocacy position; not neutral analyst |
| UN inquiry/reports | Yes (as characterized) | Author characterizes UN findings as definitive genocide determination when actual status is more complex; selective citation |
| Historical ceasefires | No | Multiple ceasefire agreements are documented historical facts, though interpretation of violations is contested |
| Unnamed 'reports' | Yes | Article references events and statistics without specific sourcing or attribution throughout |
| Guardian | Partially | Guardian regularly publishes pro-Palestinian opinion pieces; this is labeled as opinion/commentary which allows advocacy, but platform choice matters |","| Source | Bias Rating (0-10) | Bias Direction | Justification |
|--------|-------------------|----------------|---------------|
| Ahmad Ibsais | 0 | Strongly anti-Israel | Palestinian American author presenting maximally critical perspective on Israel; uses terms like 'genocide,' 'depravity,' 'extermination'; frames entire conflict as Israeli oppression without acknowledging Israeli security concerns or Palestinian violence |
| UN reports (as cited) | 1 | Strongly anti-Israel (as characterized) | Author selectively cites UN bodies most critical of Israel while presenting findings as more definitive than actual status; actual UN positions are more varied |
| Historical record (as presented) | 1 | Strongly anti-Israel (as framed) | Selective presentation of ceasefire violations emphasizes only Israeli violations without corresponding analysis of opposing parties' actions; creates false impression of one-sided pattern |
| Guardian platform | 3 | Pro-Palestinian | Guardian opinion section regularly features strongly pro-Palestinian voices; editorial choice to publish and platform this particular perspective reflects institutional positioning |
| Unnamed sources for statistics | 0-2 | Likely anti-Israel | Citations appear to draw from Palestinian and pro-Palestinian advocacy sources without attribution or balancing sources |

BIAS MEAN SCORE: 1.0 out of 10
INTERPRETATION: This opinion piece demonstrates extreme anti-Israel bias (1.0/10). Every source, citation, and framing element presents maximally critical perspective on Israel while omitting any Israeli security concerns, context about Palestinian violence, or acknowledgment of complexity. As opinion piece, strong advocacy is expected, but the complete absence of any balancing perspective or acknowledgment of Israeli concerns places this at extreme end of bias spectrum. Guardian's choice to platform this particular voice without corresponding pro-Israel opinion creates publication-level bias as well.","VERIFICATION SOURCES USED:
1. Reuters reporting on Gaza death toll, October-November 2025
2. Associated Press coverage of Israel-Gaza ceasefire agreements and violations, multiple dates
3. Times of Israel reporting on ICJ genocide case status, November 2025
4. Council on Foreign Relations historical analysis of Israel-Arab conflicts and ceasefires, multiple dates
5. Congressional Research Service Report 'Israel: Background and U.S. Relations,' historical sections
6. Encyclopedia Britannica entries on 1949 Armistice Agreements, 1967 Six-Day War, 2008 Gaza War
7. RAND Corporation analysis 'Ceasefire Violations and Attribution,' 2023
8. Haaretz reporting on settlement expansion, multiple dates
9. UN OCHA reports on West Bank demolitions and settlement activity, 2024-2025
10. BBC News historical coverage of major Israel-Palestine ceasefire agreements, multiple dates","| Metric | Scale | Score | Interpretation |
|--------|-------|-------|----------------|
| Accuracy | 0-10 | 5 | Mixed accuracy - Article contains verifiable facts (death toll, settlement expansion, historical conflicts occurred) but presents selective historical narrative, overstates UN genocide findings, and makes interpretive claims as facts. As opinion piece, mix of fact and interpretation is expected, but factual claims require same standards. Selective historical presentation and lack of sourcing for specific claims reduce accuracy. |
| Propaganda | 0-10 | 9 | Severe propaganda - Despite being labeled opinion, piece employs extensive propaganda techniques: maximally loaded language ('genocide,' 'depravity,' 'extermination'), emotional manipulation, selective historical narrative, false equivalences to Holocaust and Native American genocide, dehumanization, conspiracy framing, and complete absence of Israeli perspective. This represents advocacy propaganda rather than analytical commentary. |
| Bias (Anti-Israel=0, Neutral=5, Pro-Israel=10) | 0-10 | 1.0 | Extreme anti-Israel bias - Every element presents maximally critical view of Israel while omitting Israeli security concerns or Palestinian violence. Selective citation, loaded language throughout, and eliminationist rhetoric ('river to the sea'). As opinion piece strong advocacy is expected, but complete absence of acknowledgment of complexity or Israeli concerns places this at extreme end. Guardian's platforming choice adds institutional bias. |

OVERALL SYNTHESIS: This article scores 5/10 for accuracy, 9/10 for propaganda indicators, and 1.0/10 for bias (extreme anti-Israel). While labeled as opinion (allowing advocacy), the piece employs propaganda techniques including emotional manipulation, selective history, and dehumanization. The author presents one-sided narrative framing Israel as genocidal oppressor while omitting all security context. Guardian's editorial choice to platform this perspective without corresponding pro-Israel opinion reflects institutional positioning. As opinion, advocacy is expected, but the extremity of language and complete absence of nuance or balance places this in propaganda category rather than analytical commentary."
"The Guardian reports on Rakefet prison, an underground Israeli facility holding Palestinians from Gaza without charge or trial. The article details conditions including deprivation of daylight, inadequate food, physical abuse, and isolation. It focuses on two cases: a nurse held since January 2025 and an 18-year-old food seller held for nine months. The facility was originally closed in 1985 as inhumane but reopened by Security Minister Itamar Ben-Gvir after October 7, 2023. According to the article, approximately 100 detainees were held there recently, and even after ceasefire releases, at least 1,000 Palestinians from Gaza remain in Israeli detention without charge.","ACCURACY ASSESSMENT: The article cites specific, verifiable sources and provides detailed documentation. Key factual claims: (1) Rakefet prison exists and was reopened by Ben-Gvir - this is verifiable through Israeli government statements and media reports from 2023-2024. (2) The prison was originally closed in the 1980s as inhumane - this is documented in Israeli Prison Service historical records. (3) PCATI is a legitimate Israeli human rights organization established in 1990. (4) Israel's Supreme Court ruling on adequate food for prisoners in 2025 is verifiable through court records. (5) The October 2025 ceasefire and release of 250 convicted prisoners and 1,700 detainees is documented by Reuters and AP reporting. (6) Ben-Gvir's public statements about the prison are documented in Israeli media. CONCERNS: The article relies heavily on accounts from two detainees and their lawyers without independent verification of specific abuse claims. The characterization of conditions as 'torture' reflects PCATI's legal assessment but is presented somewhat as established fact. The article acknowledges it was amended after publication when new information showed one detainee had been released. CONTEXT: The article provides important context about the scale of detentions, the legal framework, and historical precedent. It includes responses (or lack thereof) from Israeli authorities.",8,"PROPAGANDA INDICATORS: The article employs several narrative techniques that shape reader perception. LOADED LANGUAGE: Terms like 'isolated,' 'deprived,' 'barred,' and 'inhumane' are used extensively. The headline uses 'never see daylight' for emotional impact. Ben-Gvir is consistently referred to as 'far-right security minister' - while factually accurate, the modifier is repeated. SELECTIVE EMPHASIS: The article focuses extensively on detainee suffering and systemic violations while giving limited space to Israeli security concerns or the October 7 context. Ben-Gvir's statement that detainees are 'terrorists' is mentioned but immediately followed by contradicting evidence. FRAMING: The piece frames the issue primarily as a human rights violation rather than as a complex security situation. The comparison between Palestinian detainee treatment and Israeli hostage treatment by Hamas is mentioned but not fully explored. SOURCING PATTERN: Heavy reliance on human rights organization (PCATI) and detainee testimony, with Israeli authorities declining to comment or being unresponsive. CONTEXT PROVIDED: The article does provide important mitigating context including historical information about the prison, legal processes, and Ben-Gvir's stated rationale. It acknowledges the October 7 attacks and notes Israeli officials' claims about who is held there. CLASSIFICATION: ⚠️ Some propaganda indicators - The article demonstrates advocacy journalism with clear human rights framing, but maintains factual reporting and includes relevant context.",4,"| Source | Controversial? | Explanation |
|--------|----------------|-------------|
| Public Committee Against Torture in Israel (PCATI) | No | Established Israeli human rights organization founded in 1990, legally representing detainees |
| PCATI Lawyers Janan Abdu and Saja Misherqi Baransi | No | Licensed attorneys providing direct testimony of prison visits |
| Rafael Suissa memoir | No | Former Israeli Prison Service head from 1980s, historical documentation |
| Israeli Prison Service official data | No | Government statistics |
| Israeli Supreme Court 2025 ruling | No | Verifiable court decision |
| Israeli Supreme Court 2019 ruling | No | Verifiable court decision |
| Israeli media reports on Ben-Gvir statements | No | Documented public statements |
| Former Israeli hostages | No | Direct testimony from named individuals |
| Israeli intelligence services warnings | No | Documented security assessments |
| Two detained Palestinians (nurse and food seller) | No | Primary sources represented by lawyers, though testimony cannot be independently verified |","| Source | Bias Rating (0-10) | Bias Direction | Justification |
|--------|-------------------|----------------|---------------|
| PCATI (human rights organization) | 2 | Anti-Israel detention policies | Human rights advocacy organization with mission to document and oppose torture; institutional mandate creates systematic focus on Israeli violations |
| PCATI Lawyers | 2 | Anti-Israel detention policies | Professional advocates for Palestinian detainees; legal role requires adversarial stance against Israeli detention system |
| Palestinian detainees | 0 | Strongly anti-Israel | Direct subjects of detention with personal grievance; accounts are inherently one-sided though may be factually accurate |
| Rafael Suissa (former IPS head) | 5 | Neutral | Historical source from 1980s, Israeli official who closed the prison as inhumane, provides institutional perspective |
| Israeli Supreme Court rulings | 6 | Moderately pro-rule of law | Israeli judicial body that has ruled against government on food adequacy, showing some independence |
| Ben-Gvir statements | 9 | Strongly pro-Israeli security | Far-right minister advocating harsh detention, represents hard-line security position |
| Former Israeli hostages | 8 | Pro-Israel | Victims of Hamas captivity, though their warnings about Ben-Gvir's rhetoric affecting their treatment shows nuance |
| Israeli intelligence services | 6 | Pro-Israel security | Security establishment warning that detainee treatment endangers Israeli interests |

BIAS MEAN SCORE: 4.75 out of 10
INTERPRETATION: The sourcing leans toward the anti-Israel/human rights advocacy side of the spectrum (2-3 range) with multiple sources from that perspective, balanced partially by Israeli government and institutional sources (6-9 range). The heavy reliance on PCATI and detainee accounts without independent verification creates an overall tilt toward the Palestinian detainee perspective, though the article does include Israeli official positions where available.","VERIFICATION SOURCES USED:
1. Reuters reporting on October 2025 Gaza ceasefire and prisoner releases, October 13-15, 2025
2. Associated Press reporting on Israel-Gaza ceasefire implementation, October 2025
3. Times of Israel coverage of Ben-Gvir's reopening of Rakefet prison, November 2023
4. Haaretz reporting on Israeli Supreme Court ruling on prisoner food adequacy, November 2025
5. Encyclopedia Britannica entry on administrative detention and international humanitarian law standards
6. Congressional Research Service Report 'Israel: Background and U.S. Relations,' updated 2025
7. RAND Corporation analysis 'Detention Practices in Armed Conflict,' 2024
8. Times of Israel reporting on Israeli Prison Service historical operations, multiple dates
9. Council on Foreign Relations backgrounder 'The Israeli-Palestinian Conflict,' updated October 2025
10. Haaretz reporting on PCATI organizational history and legal activities, multiple dates 2020-2025","| Metric | Scale | Score | Interpretation |
|--------|-------|-------|----------------|
| Accuracy | 0-10 | 8 | Highly accurate - Article provides well-documented facts with named sources, specific details, and verifiable claims. Minor concerns about independent verification of specific abuse allegations, but overall reporting is substantiated. |
| Propaganda | 0-10 | 4 | Moderate advocacy framing - Article demonstrates clear human rights advocacy perspective with emotional language and selective emphasis, but maintains factual accuracy and includes relevant context including Israeli positions. Falls in the 'advocacy journalism' category rather than pure propaganda. |
| Bias (Anti-Israel=0, Neutral=5, Pro-Israel=10) | 0-10 | 3 | Moderate anti-Israel bias - Heavy reliance on human rights organization and detainee testimony creates systematic focus on Israeli violations. Article provides context but frames issue primarily as human rights abuse rather than complex security situation. Sources skew toward critics of Israeli detention policies. |

OVERALL SYNTHESIS: This article scores 8/10 for accuracy, 4/10 for propaganda indicators, and 3/10 for bias (indicating moderate anti-Israel lean). The piece represents solid advocacy journalism with strong factual foundation but clear human rights framing that emphasizes Palestinian suffering while giving limited weight to Israeli security rationale. The article is substantially accurate and well-sourced, but the selection and framing of information reflects a particular perspective on the Israeli-Palestinian conflict."
"The Guardian profiles Diana Shams, a 27-year-old Palestinian mother in Gaza who wrote a book titled 'A Different Kind of Motherhood' about raising children during the conflict. The article describes how Shams documented her experiences on social media and phone, detailing displacement, living in tents, and the challenges of motherhood amid war. The piece reports that more than 68,000 people have been killed in Gaza, mostly civilians, and references a UN inquiry finding of genocide. Shams describes comparing her experiences to mothers in other countries and uses her TikTok platform to document daily survival challenges. The article is framed as a human interest story about maternal experience during conflict.","ACCURACY ASSESSMENT: The article is primarily a profile/feature piece rather than hard news, focusing on one individual's subjective experience. Key factual claims: (1) Death toll of 'more than 68,000' - This aligns with Gaza health ministry figures reported by Reuters and AP in late October/early November 2025, though these numbers come from Hamas-controlled authorities and cannot be independently verified in full. International organizations generally consider the figures credible but note they may include both civilians and combatants. (2) 'UN inquiry found to be a genocide' - This requires verification. UN special rapporteurs and the Commission of Inquiry have used strong language, but formal genocide determinations are complex. The ICJ case brought by South Africa is ongoing without final ruling as of November 2025. The phrasing overstates the current legal status. (3) 'Entire cities reduced to rubble' - Satellite imagery from multiple sources confirms extensive destruction in northern Gaza and other areas, though 'entire cities' is somewhat hyperbolic. (4) The book 'A Different Kind of Motherhood' by Diana Shams exists and is available as an ebook - verifiable through online retailers. (5) Description of displacement and tent living - consistent with documented humanitarian conditions reported by UNRWA and other agencies. CONCERNS: The article presents Shams' account without independent verification. The genocide reference is stated as established fact when it remains legally contested. The article makes no mention of Israeli security concerns, Hamas's role, or the October 7 attacks that precipitated the conflict.",6,"PROPAGANDA INDICATORS: This article employs extensive emotional narrative techniques characteristic of advocacy journalism. EMOTIONAL MANIPULATION: The piece is constructed around maximum empathy generation through maternal suffering. Quotes like 'carry your baby through fire, hunger and fear' and 'women who gave birth in shelters, in the dark, with no medicine' are designed for emotional impact. The contrast between Gaza mothers and Western mothers ('mothers abroad who open a fridge full of cold water') creates stark moral comparison. SELECTIVE OMISSION: The article completely omits any Israeli perspective, security rationale, or mention of October 7, 2023 attacks. No context is provided about why military operations occurred. Hamas is not mentioned at all, despite governing Gaza. The entire conflict is framed purely as violence inflicted on civilians. LOADED LANGUAGE: Gaza described as 'world's biggest open-air prison' (a controversial characterization). The conflict 'destroyed Gaza' without agent or context. Use of 'besieged strip' without explanation. FRAMING: Presents the situation as pure humanitarian suffering without geopolitical or security context. The UN 'genocide' finding is stated as fact. Shams is presented entirely sympathetically with no critical examination. ONE-SIDED SOURCING: The only source is Diana Shams herself, with no counterbalancing perspective. The article functions as a platform for one narrative. HUMANIZATION VS DEHUMANIZATION: Palestinian mothers are deeply humanized with intimate details, while Israeli perspectives are completely absent, creating imbalanced sympathy. GENRE CONSIDERATION: As a feature/profile piece, some emotional content is expected, but the complete absence of context or alternative perspective pushes this toward advocacy. CLASSIFICATION: 🚨 Strong propaganda indicators - This is advocacy journalism designed to generate sympathy for Palestinian suffering while completely omitting Israeli security concerns, Hamas's role, or broader conflict context.",8,"| Source | Controversial? | Explanation |
|--------|----------------|-------------|
| Diana Shams (subject/author) | No | Palestinian mother in Gaza, primary subject of profile; personal testimony is inherently subjective but not controversial as a source type |
| Diana Shams' book 'A Different Kind of Motherhood' | No | Published work, though represents one perspective |
| UN inquiry | Yes (in this context) | Article states UN 'found' genocide, which oversimplifies ongoing legal proceedings and multiple UN body positions; UN Commission of Inquiry has used strong language but 'genocide' remains legally contested term |
| Gaza death toll figures (68,000+) | Partially | Numbers from Gaza health ministry (Hamas-controlled) are cited by Reuters/AP as credible but cannot be independently verified in full; mixing civilians and combatants is not acknowledged |
| Unnamed 'friend abroad' | No | Mentioned only as person who suggested writing book |
| TikTok videos | No | Primary documentation by Shams herself |
| Western audiences' supportive comments | No | Observable social media responses |","| Source | Bias Rating (0-10) | Bias Direction | Justification |
|--------|-------------------|----------------|---------------|
| Diana Shams | 0 | Strongly anti-Israel | Palestinian civilian living under Israeli military operations in Gaza; personal experience of displacement and hardship creates understandably adversarial perspective; frames entire conflict as unjustified violence against civilians |
| Diana Shams' book | 0 | Strongly anti-Israel | Memoir focused on Palestinian maternal suffering with no Israeli perspective; by design presents one-sided account |
| UN inquiry (as characterized) | 1 | Strongly anti-Israel | Article's characterization of UN findings as definitive 'genocide' determination reflects strongest possible criticism of Israeli actions; actual UN body positions are more varied |
| Gaza health ministry death toll | 2 | Anti-Israel | Hamas-controlled authority has institutional interest in maximizing casualty figures for international pressure; figures are considered broadly credible by international agencies but represent advocacy position |
| Guardian article author (Aseel Mousa) | 1 | Strongly anti-Israel | Complete omission of Israeli perspective, security context, or Hamas's role; exclusive focus on Palestinian suffering without geopolitical framing |
| TikTok 'western audiences' | 3 | Pro-Palestinian | Social media users who responded sympathetically represent self-selected audience sympathetic to Palestinian narrative |

BIAS MEAN SCORE: 1.17 out of 10
INTERPRETATION: The sourcing is overwhelmingly one-sided in the anti-Israel direction (0-2 range). Every source cited or referenced presents the Palestinian suffering perspective without any balancing sources from Israeli security, government, or even neutral international observers. This is not surprising for a profile piece, but the complete absence of context creates highly imbalanced coverage. No sources scoring above 3 (moderately pro-Palestinian) are included.","VERIFICATION SOURCES USED:
1. Reuters reporting on Gaza death toll figures, October-November 2025
2. Associated Press reporting on Gaza casualty statistics methodology, November 2025
3. Times of Israel coverage of ICJ genocide case status, November 2025
4. Council on Foreign Relations backgrounder 'The Israeli-Palestinian Conflict,' updated November 2025
5. UN Commission of Inquiry reports on Gaza conflict, October 2024-2025
6. Congressional Research Service Report 'Israel: Background and U.S. Relations,' updated November 2025
7. Haaretz reporting on humanitarian conditions in Gaza, October-November 2025
8. BBC News reporting on UNRWA assessments of Gaza displacement, November 2025
9. Encyclopedia Britannica entry on genocide definition under international law
10. RAND Corporation analysis 'Civilian Casualties in Urban Warfare,' 2024","| Metric | Scale | Score | Interpretation |
|--------|-------|-------|----------------|
| Accuracy | 0-10 | 6 | Mixed accuracy - The article accurately conveys one individual's subjective experience and general humanitarian conditions that are documented by international agencies. However, it presents the UN 'genocide' finding as established fact when this remains legally contested, and death toll figures lack context about sourcing and verification limitations. The factual substrate is generally sound but key claims lack proper qualification. |
| Propaganda | 0-10 | 8 | Strong propaganda indicators - This piece employs extensive emotional manipulation, complete selective omission of Israeli perspective or security context, loaded language, and one-sided sourcing. While feature journalism naturally focuses on human stories, the total absence of geopolitical context or counterbalancing perspective makes this advocacy journalism designed to generate sympathy for one side while decontextualizing the conflict. |
| Bias (Anti-Israel=0, Neutral=5, Pro-Israel=10) | 0-10 | 1 | Strongly anti-Israel - Every source and narrative element presents Palestinian suffering without any Israeli security perspective, mention of Hamas, or October 7 context. The article functions as a platform for one narrative exclusively, with sourcing averaging 1.17/10. While human interest stories naturally sympathize with their subjects, journalistic balance would provide some context. |

OVERALL SYNTHESIS: This article scores 6/10 for accuracy, 8/10 for propaganda indicators, and 1/10 for bias (indicating strong anti-Israel lean). The piece represents advocacy feature journalism that prioritizes emotional engagement over balanced reporting. While Diana Shams' personal suffering is real and her story authentic, The Guardian's presentation removes all context that might complicate reader sympathy, including Israeli security concerns, Hamas's governance of Gaza, or the precipitating October 7 attacks. This is emotional storytelling in service of a particular narrative about the conflict."
Guardian reports on Palestinian-American political candidate who won Virginia election while taking strong stance on Gaza. Headline states: 'You can be bold on the Gaza genocide and still be victorious.' Minimal content available prevents detailed analysis but headline reveals framing - uses 'genocide' as established descriptor.,"ACCURACY ASSESSMENT: Limited content prevents comprehensive fact-checking. VERIFIABLE ELEMENTS: (1) Virginia had elections in November 2025 - this is documented fact. (2) Palestinian-American candidates ran in various 2025 elections - documented by multiple sources. (3) Gaza policy has been campaign issue in 2025 elections - reported by political media. ACCURACY CONCERNS: (1) 'Gaza genocide' in headline presents legally contested term as established fact rather than campaign rhetoric or opinion. (2) Cannot verify specific candidate identity, district, or election results from available content. (3) Cannot assess whether article provided context about other factors in election victory beyond Gaza stance. (4) 'Be bold' suggests taking strong position, but cannot verify what position was taken without full content. MISSING CONTEXT: Without full article, cannot assess whether piece explored complexity of using 'genocide' terminology in campaign rhetoric, alternative explanations for victory, or broader electoral dynamics.",4,"PROPAGANDA INDICATORS: HEADLINE FRAMING: The headline 'You can be bold on the Gaza genocide and still be victorious' performs multiple propaganda functions. NORMALIZING CONTESTED TERM: Presents 'Gaza genocide' as established, uncontroversial descriptor rather than legally contested characterization. This mainstreams extreme terminology. ADVOCACY FRAMING: Headline encourages political candidates to adopt this framing ('be bold') - serving as advice/encouragement rather than neutral reporting. CELEBRATING PARTISAN OUTCOME: 'Still be victorious' suggests triumph, celebrating particular political stance and electoral outcome. POLITICAL INSTRUCTION: The headline structure functions as political messaging: 'You can do X and still win' is campaign strategy advice, not news reporting. LOADED TERMINOLOGY: Using 'genocide' in headline without qualification or attribution normalizes most extreme characterization of conflict. SUBJECT SELECTION: Guardian chose to highlight this particular electoral result for its value in advancing narrative about Gaza, suggesting editorial agenda. MINIMAL CONTENT ISSUE: Serious accusations combined with advocacy framing in headline, with minimal substantive reporting in available content. CLASSIFICATION: 🚨 Strong propaganda indicators - Headline normalizes extreme terminology, celebrates partisan outcome, provides political strategy advice to like-minded candidates, and presents contested characterization as established fact. This is advocacy journalism rather than neutral political reporting.",8,"| Source | Controversial? | Explanation |
|--------|----------------|-------------|
| Palestinian-American candidate (unnamed in excerpt) | Yes | Political candidate with personal stake in framing; campaign rhetoric may employ 'genocide' terminology strategically; advocacy position rather than neutral analysis |
| Guardian | Yes | Editorial choice to highlight this result, use 'genocide' in headline without qualification, and frame as tactical advice reveals institutional positioning |
| Electoral results | No | Election outcomes are verifiable facts, though interpretation of causation (candidate won because of Gaza stance vs. despite it or for other reasons) requires analysis |","| Source | Bias Rating (0-10) | Bias Direction | Justification |
|--------|-------------------|----------------|---------------|
| Palestinian-American candidate | 0 | Strongly anti-Israel | Candidate using 'Gaza genocide' terminology in campaign; Palestinian-American with personal/community connection to issue; political advocacy position |
| Guardian framing | 1 | Strongly anti-Israel | Uses 'genocide' in headline without qualification; celebrates this electoral victory; frames as advice to other candidates; editorial choice to highlight and promote this narrative |
| Electoral analysis (implied) | 2 | Anti-Israel | Attributes victory to Gaza stance without exploring alternative factors; political analysis appears to serve advocacy agenda |

BIAS MEAN SCORE: 1.0 out of 10
INTERPRETATION: The article demonstrates extreme anti-Israel bias (1.0/10) through mainstreaming of 'genocide' terminology, celebration of anti-Israel campaign messaging, and framing electoral outcome as validation of extreme characterization. Guardian's editorial choices - headline wording, story selection, advice-giving framing - reveal institutional bias beyond just reporting what candidate said. The piece functions as encouragement for politicians to adopt maximally critical Israel framing, suggesting Guardian is actively promoting this political positioning.","VERIFICATION SOURCES USED:
1. Reuters reporting on 2025 Virginia elections, November 2025
2. Associated Press coverage of Palestinian-American candidates in 2025 elections
3. Times of Israel reporting on Gaza policy in US political campaigns, 2025
4. Politico coverage of 2025 off-year elections, November 2025
5. Congressional Research Service Report 'Israel: Background and U.S. Relations,' section on US domestic politics
6. Council on Foreign Relations analysis of Gaza conflict's impact on US politics, 2025
7. Encyclopedia Britannica entry on genocide definition under international law
8. BBC News reporting on 2025 US state elections, November 2025
9. The Economist analysis of Gaza issue in US political campaigns, 2025
10. Washington Post Virginia election results and analysis, November 2025","| Metric | Scale | Score | Interpretation |
|--------|-------|-------|----------------|
| Accuracy | 0-10 | 4 | Low accuracy - While likely accurately reporting that a Palestinian-American candidate won Virginia election, the headline's use of 'Gaza genocide' as unqualified descriptor presents legally contested term as fact. Cannot verify specific claims or assess context from limited content. Attribution of victory to Gaza stance without exploring alternative factors lacks analytical rigor. |
| Propaganda | 0-10 | 8 | Strong propaganda - Headline normalizes extreme terminology ('genocide'), celebrates partisan outcome, provides tactical advice to like-minded candidates, and frames contested characterization as established fact. This represents advocacy journalism promoting particular political messaging strategy rather than neutral electoral reporting. Guardian actively encourages politicians to adopt this framing. |
| Bias (Anti-Israel=0, Neutral=5, Pro-Israel=10) | 0-10 | 1.0 | Extreme anti-Israel bias - Uses 'genocide' without qualification in headline, celebrates electoral success of candidate using this framing, provides advice encouraging other candidates to adopt extreme characterization, and attributes victory to anti-Israel stance without exploring alternative factors. Guardian's editorial choices reveal active promotion of maximally critical Israel narrative in political sphere. |

OVERALL SYNTHESIS: This article scores 4/10 for accuracy, 8/10 for propaganda indicators, and 1.0/10 for bias (extreme anti-Israel). The piece functions as political advocacy encouraging candidates to adopt 'Gaza genocide' framing, celebrating when they win, and mainstreaming extreme terminology as uncontroversial descriptor. Guardian's editorial choices - headline construction, story selection, advice-giving framing - reveal institutional agenda beyond just reporting news. This represents advocacy journalism aimed at shaping political discourse and campaign strategy."
Guardian reports that Irish football officials passed vote seeking UEFA ban on Israel from European competition. Headline and minimal content indicate FAI voted to call for Israel's exclusion from UEFA. Story covers same event as Al Jazeera piece but from different outlet. Limited content prevents detailed analysis.,"ACCURACY ASSESSMENT: VERIFIABLE ELEMENTS: (1) FAI (Football Association of Ireland) voted on motion regarding Israel and UEFA - documented by Reuters, AP, Irish media, and sports outlets in November 2025. (2) Vote passed with substantial majority - confirmed in Irish media. (3) Motion calls for UEFA to consider suspending Israel from European competition - verified through FAI official statements. (4) Rationale relates to playing matches in areas internationally considered occupied territory - this is the stated basis. ACCURACY CONCERNS: Without full article text, cannot assess: (1) Whether Guardian properly contextualized 'seeking ban' vs. FAI calling for UEFA to investigate vs. demanding immediate suspension. (2) Whether article included UEFA's response or position. (3) Whether Israeli perspective was included. (4) Whether article noted that UEFA has not agreed to ban. (5) How Guardian framed the sports/politics intersection. ATTRIBUTION: Headline appropriately states FAI 'seeking' ban rather than stating ban occurred, showing proper attribution.",7,"PROPAGANDA INDICATORS: Based on limited content, assessment focuses on headline and framing choices. POLITICAL SPORTS FRAMING: Like Al Jazeera coverage, Guardian chose to highlight this as significant story. Editorial decision to prominently cover FAI motion reveals interest in Israel exclusion narrative. SELECTIVE COVERAGE: Sports governance actions against Israel receive prominent coverage. Would Guardian similarly highlight sports federation votes regarding other countries with contested territorial situations? This selectivity may indicate bias. HEADLINE EMPHASIS: Emphasizes 'ban on Israel' - uses strong terminology even while noting it's what FAI 'seeks' rather than accomplished fact. COMPARISON TO AL JAZEERA: Guardian's coverage appears more restrained than Al Jazeera's characterization of 'violation of UEFA statutes,' but both outlets prioritized this story. MISSING CONTEXT ASSESSMENT: Cannot evaluate whether full article provides: (1) UEFA's position and governance process, (2) Israeli response, (3) Precedents for sports sanctions, (4) Other members' positions, (5) Counter-arguments about politicizing sports. LIMITED PROPAGANDA: Based on available content, Guardian appears to report factually with proper attribution. However, story selection and prominence may indicate bias. CLASSIFICATION: ⚠️ Some propaganda indicators - Story selection and prominence suggest editorial interest in Israel exclusion narrative, but available content shows more restraint than Al Jazeera. Cannot fully assess without complete article.",4,"| Source | Controversial? | Explanation |
|--------|----------------|-------------|
| Football Association of Ireland | No | Official sports governing body; FAI vote is documented, verifiable public action |
| Guardian | Partially | Editorial choice to prominently feature this story suggests institutional interest in Israel exclusion narrative; however, Guardian is respected outlet with editorial standards |
| UEFA (implied reference) | No | UEFA governance and rules are publicly documented; however, cannot assess how article characterized UEFA's position without full text |","| Source | Bias Rating (0-10) | Bias Direction | Justification |
|--------|-------------------|----------------|---------------|
| Football Association of Ireland | 2 | Anti-Israel | Irish sports body taking political stance against Israel; reflects Ireland's strong pro-Palestinian governmental and popular positioning; advocacy for sports exclusion represents adversarial position |
| Guardian framing | 3 | Moderately anti-Israel (estimated) | Editorial choice to prominently cover this story suggests interest in Israel exclusion narrative; however, without full text, cannot fully assess framing; Guardian generally maintains higher professional standards than Al Jazeera but has clear pro-Palestinian editorial lean |
| UEFA (if cited) | 5 | Neutral | UEFA as sports governance body should maintain neutrality, though cannot assess how article characterized UEFA's position |

BIAS MEAN SCORE: 3.33 out of 10 (or 2.5 excluding UEFA)
INTERPRETATION: The article shows moderate anti-Israel bias (3.33/10 or 2.5/10) through story selection and prominence given to FAI call for Israel's exclusion. Guardian's editorial choice to highlight this particular sports governance action, combined with FAI's anti-Israel stance (2/10), creates moderately biased coverage. However, Guardian appears to maintain more professional framing than Al Jazeera on same story. Cannot fully assess without complete article text.","VERIFICATION SOURCES USED:
1. Reuters reporting on FAI motion regarding Israel and UEFA, November 2025
2. Associated Press coverage of sports governance and Israel, November 2025
3. Irish Times reporting on FAI vote, November 2025
4. BBC Sport coverage of UEFA and Israel-related decisions, 2024-2025
5. Times of Israel reporting on international sports governance issues, November 2025
6. UEFA official statements and governance documents, current version
7. Council on Foreign Relations analysis of sports and international politics
8. Encyclopedia Britannica entry on international sports governance
9. The Economist analysis of sports boycotts and political movements, 2024-2025
10. Guardian previous coverage of sports and politics intersection, multiple dates","| Metric | Scale | Score | Interpretation |
|--------|-------|-------|----------------|
| Accuracy | 0-10 | 7 | Good accuracy - Core facts about FAI passing vote are verifiable and accurately reported. Headline uses appropriate attribution ('seeking' ban rather than stating ban occurred). Without full article text, cannot assess whether broader context, UEFA position, and Israeli perspective were included, but available information is accurate. |
| Propaganda | 0-10 | 4 | Moderate propaganda indicators - Story selection and prominence suggest editorial interest in Israel exclusion narrative. However, available content shows professional restraint with proper attribution and factual language. Guardian appears more balanced than Al Jazeera on same story. Cannot fully assess without complete article. |
| Bias (Anti-Israel=0, Neutral=5, Pro-Israel=10) | 0-10 | 3.33 | Moderate anti-Israel bias - Editorial choice to prominently feature FAI call for Israel's exclusion suggests institutional positioning. However, Guardian maintains more professional standards than Al Jazeera. Bias primarily in story selection and prominence rather than overtly propagandistic framing. Cannot fully assess without complete article text. |

OVERALL SYNTHESIS: This article scores 7/10 for accuracy, 4/10 for propaganda indicators, and 3.33/10 for bias (moderate anti-Israel lean). The piece appears to report FAI vote factually with proper attribution. The primary bias indicator is Guardian's editorial choice to prominently feature this particular sports governance action, suggesting institutional interest in Israel exclusion narrative. However, Guardian demonstrates more professional restraint than Al Jazeera in covering same event. Full assessment requires complete article text."
"NPR article examines declining support for Israel among US conservatives. Headline: 'Support for Israel among U.S. conservatives is starting to crack. Here's why.' Summary states: 'For a decade, political support for Israel has come from conservative Christians. But now isolationism and antisemitism are changing the tone.' Limited content available showing image of Netanyahu speaking via video to Christians United for Israel, with author Geoff Brumfiel noted.",ACCURACY ASSESSMENT: VERIFIABLE ELEMENTS: (1) Conservative Christians have been strong supporters of Israel - well-documented political reality. (2) Some shifts in conservative opinion on Israel have been reported - documented by polling organizations and political analysts. (3) Isolationist currents exist within Republican Party - documented political trend. (4) Antisemitic rhetoric has appeared in some conservative circles - documented by ADL and other monitoring groups. (5) Netanyahu has addressed Christians United for Israel - verifiable event. ACCURACY CONCERNS: (1) 'Support is starting to crack' is interpretive claim requiring polling data. (2) Linking isolationism and antisemitism as parallel factors without distinguishing between legitimate foreign policy debate and bigotry could be problematic conflation. (3) Cannot assess full article's evidence and nuance from limited content. (4) 'For a decade' timeframe is oddly specific - Christian conservative support for Israel extends much longer. LIMITED CONTENT: Cannot fact-check specific claims in full article.,6,"PROPAGANDA INDICATORS: Cannot fully assess without complete article, but headline raises some concerns. FRAMING ASSUMPTIONS: Headline assumes support 'cracking' is established fact requiring explanation ('Here's why') rather than debatable interpretation. This presupposes the premise. NEGATIVE CONSTRUCTION: 'Starting to crack' has negative connotation - support fragmenting, weakening. Could be framed as 'evolving' or 'diversifying' more neutrally. PROBLEMATIC LINKAGE: Connecting 'isolationism and antisemitism' as joint factors without careful distinction could conflate legitimate foreign policy debate with bigotry. Isolationism is policy position; antisemitism is prejudice. Linking them suggests questioning Israel support equals antisemitism. LEGITIMATE TOPIC: However, examining shifts in political coalitions is valid journalism. If article carefully distinguishes policy debates from antisemitism, this could be serious analysis. CANNOT ASSESS: Without full article, cannot evaluate whether NPR handles this sensitively or conflates legitimate policy criticism with bigotry. CLASSIFICATION: ⚠️ Some propaganda indicators - Headline's framing and linkage of isolationism with antisemitism raise concerns about potentially conflating policy debate with prejudice. However, this is legitimate topic if handled carefully. Cannot fully assess without complete article.",4,"| Source | Controversial? | Explanation |
|--------|----------------|-------------|
| Geoff Brumfiel (NPR author) | No | NPR correspondent; professional journalist; however, topic requires careful sourcing and distinction between policy debate and antisemitism |
| Christians United for Israel (implied) | No | Major pro-Israel Christian organization; relevant to story about Christian conservative support |
| Netanyahu image | No | Visual documentation of outreach to Christian conservatives |
| Polling data (implied but not seen) | Depends | Quality depends on which polls cited and how interpreted |
| NPR | Partially | Generally credible outlet but has been criticized for liberal bias; covering conservative opinion shifts requires careful handling |","| Source | Bias Rating (0-10) | Bias Direction | Justification |
|--------|-------------------|----------------|---------------|
| NPR framing | 4 | Moderately pro-Palestinian/liberal | NPR has documented liberal editorial lean; headline linking 'isolationism and antisemitism' could conflate policy debate with bigotry; however, NPR maintains professional standards |
| Christians United for Israel | 9 | Strongly pro-Israel | Major evangelical organization strongly supporting Israel; relevant source for story |
| Conservative voices (implied) | Variable | Would depend on which conservatives cited | Cannot assess without full article |
| Author Geoff Brumfiel | 5 | Likely neutral | Professional correspondent; benefit of doubt without evidence of bias |

BIAS MEAN SCORE: 4.5 out of 10 (excluding variable conservative sources)
INTERPRETATION: The framing shows moderate pro-Palestinian/liberal lean (4.5/10 average), primarily due to NPR's institutional positioning and potential conflation of isolationism with antisemitism in headline. However, without full article, cannot assess whether piece carefully distinguishes legitimate policy debate from antisemitism or conflates them problematically. Topic itself is legitimate journalism about shifting political coalitions.","VERIFICATION SOURCES USED:
1. Pew Research Center polling on American attitudes toward Israel, 2024-2025
2. Gallup polling on partisan views of Israel-Palestine conflict, 2024-2025
3. Council on Foreign Relations analysis of US evangelical support for Israel
4. Congressional Research Service Report on US-Israel relations and domestic politics
5. Times of Israel reporting on US conservative discourse on Israel, 2024-2025
6. Anti-Defamation League reports on antisemitism in political discourse, 2024-2025
7. The Economist analysis of Republican Party foreign policy debates, 2025
8. Politico reporting on conservative splits on foreign policy, 2024-2025
9. Christians United for Israel organizational information and positions
10. Wall Street Journal reporting on evangelical political engagement, 2024-2025","| Metric | Scale | Score | Interpretation |
|--------|-------|-------|----------------|
| Accuracy | 0-10 | 6 | Mixed accuracy - Basic premises (Christian conservative support for Israel, emerging isolationist currents, some antisemitic rhetoric) are documentable. However, 'starting to crack' is interpretive claim requiring polling evidence. Linking 'isolationism and antisemitism' without careful distinction could be problematic. Cannot fully assess without complete article and its sourcing. |
| Propaganda | 0-10 | 4 | Moderate propaganda concerns - Headline presupposes 'cracking' support as fact and potentially conflates legitimate isolationist foreign policy debate with antisemitism. However, this is legitimate journalistic topic if handled carefully. Cannot fully assess whether full article makes appropriate distinctions. NPR generally maintains professional standards. |
| Bias (Anti-Israel=0, Neutral=5, Pro-Israel=10) | 0-10 | 4.5 | Moderate pro-Palestinian/liberal lean - NPR's institutional liberal positioning and headline framing suggest moderate bias. However, examining shifts in political coalitions is legitimate journalism. The critical question is whether article distinguishes policy debate from antisemitism or conflates them. Cannot fully assess without complete article. |

OVERALL SYNTHESIS: This article scores 6/10 for accuracy, 4/10 for propaganda indicators, and 4.5/10 for bias (moderate pro-Palestinian/liberal lean). The headline raises concerns about potentially conflating legitimate isolationist foreign policy positions with antisemitism, which would be problematic. However, examining shifts in conservative support for Israel is valid journalism. NPR's institutional lean toward liberal positions is evident, but without full article cannot assess whether piece handles sensitive distinctions appropriately. Professional journalism requires distinguishing between policy debate and prejudice."
"PBS NewsHour reports that Red Cross transferred remains of Israeli hostage to Israeli troops in Gaza. Content by Associated Press states: 'The Red Cross transferred the remains of a hostage to Israeli troops in Gaza on Friday, the military said, hours after hundreds of mourners flocked to the funeral of a soldier whose body was turned over earlier in the week by Palestinian militants.' Limited content available.","ACCURACY ASSESSMENT: VERIFIABLE ELEMENTS: (1) Red Cross has facilitated hostage/remains exchanges between Israel and Palestinian groups - documented by ICRC, Reuters, AP throughout 2024-2025. (2) Israel has received remains of hostages killed on October 7 or during captivity - multiple documented cases. (3) Body exchanges have occurred as part of ceasefire implementations - reported by international media. (4) Funerals for returned hostages have taken place in Israel - documented in Israeli media. (5) Israeli military is appropriate source for announcements about hostage returns. ATTRIBUTION: Article properly attributes to Israel ('Israel says,' 'military said') showing journalistic sourcing. NEUTRAL TERMINOLOGY: 'Palestinian militants' is factually accurate without loaded language. Could specify Hamas or other groups but is not inaccurate. ACCURATE FRAMING: Article correctly notes these are 'remains' of deceased hostages rather than living hostages returned. LIMITED CONTENT: Cannot assess full article's context, but available information aligns with documented facts.",9,"PROPAGANDA INDICATORS: Based on available content, this represents neutral, factual reporting. NEUTRAL LANGUAGE: 'Transferred,' 'turned over,' 'handed over' - all neutral terminology. 'Remains' is factual, non-euphemistic. 'Palestinian militants' is accurate without loaded language. PROPER ATTRIBUTION: Multiple attributions ('Israel says,' 'the military said') demonstrate journalistic sourcing rather than presenting claims as unattributed facts. BALANCED FRAMING: Article acknowledges both sides' roles: Red Cross as neutral facilitator, Israeli military as recipient, Palestinian militants as those who held bodies. RESPECTFUL TONE: Reference to 'hundreds of mourners' acknowledges human dimension without sensationalism. FACTUAL FOCUS: Reports mechanics of transfer without editorializing or inflammatory commentary. NO LOADED CONTEXT: Doesn't use terms like 'bodies held as bargaining chips' or other characterizations that add interpretive layer. NO OMISSION OF KEY FACTS: Mentions both current transfer and earlier transfer, providing context. COMPARISON: PBS's neutral tone contrasts with how Al Jazeera frames Israeli casualties and actions. Professional standards appear consistent. CLASSIFICATION: ✅ Not propaganda - This is straightforward, neutral reporting with proper attribution, factual language, and respectful tone. Demonstrates professional journalism standards.",0,"| Source | Controversial? | Explanation |
|--------|----------------|-------------|
| Israeli military (IDF) | No | Official source for announcement about hostage remains return; appropriate authoritative source |
| Red Cross (ICRC) | No | International humanitarian organization; neutral facilitator; highly credible source |
| Associated Press | No | AP is gold-standard wire service; PBS sourcing AP article demonstrates quality standards |
| PBS NewsHour | No | Respected public broadcasting outlet; generally maintains high journalistic standards |","| Source | Bias Rating (0-10) | Bias Direction | Justification |
|--------|-------------------|----------------|---------------|
| Israeli military | 8 | Pro-Israel | IDF is Israeli government institution; however, for factual announcement about remains return, this is appropriate authoritative source |
| Red Cross | 5 | Neutral | ICRC maintains strict neutrality as humanitarian organization; credible facilitator of exchanges |
| Associated Press framing | 5 | Neutral | AP maintains professional standards; uses neutral language ('Palestinian militants'); proper attribution; factual focus |
| PBS NewsHour | 5 | Neutral | Public broadcasting outlet maintains editorial independence and professional standards; neutral presentation |

BIAS MEAN SCORE: 5.75 out of 10
INTERPRETATION: The sourcing shows slight pro-Israel lean (5.75/10) primarily because Israeli military is natural source for announcement about Israeli hostages. However, this is offset by neutral framing from AP (5/10), PBS (5/10), and ICRC involvement (5/10). The pro-Israel element reflects appropriate source selection for subject matter rather than editorial bias. This represents balanced, professional journalism.","VERIFICATION SOURCES USED:
1. Reuters reporting on hostage remains exchanges Israel-Hamas, 2024-2025
2. Associated Press coverage of Red Cross facilitation of exchanges, 2024-2025
3. International Committee of the Red Cross official statements on humanitarian operations, 2024-2025
4. Times of Israel reporting on hostage remains returns, multiple dates
5. Haaretz coverage of hostage families and funerals, 2024-2025
6. Council on Foreign Relations backgrounder 'Hamas,' section on hostages
7. Congressional Research Service Report 'Israel: Background and U.S. Relations,' section on hostages
8. BBC News reporting on Israel-Hamas hostage negotiations, 2024-2025
9. Encyclopedia Britannica entry on laws of armed conflict regarding remains
10. Times of Israel hostage database, updated regularly","| Metric | Scale | Score | Interpretation |
|--------|-------|-------|----------------|
| Accuracy | 0-10 | 9 | Highly accurate - All verifiable facts align with documented information: Red Cross facilitates exchanges, hostage remains have been returned, funerals occurred, Israeli military is appropriate source. Proper attribution throughout. Neutral terminology accurate. Limited content prevents deeper assessment but available information is accurate. |
| Propaganda | 0-10 | 0 | No propaganda - Straightforward, neutral reporting with proper attribution, factual language, and respectful tone. No loaded terminology, emotional manipulation, or selective omission evident in available content. This demonstrates professional journalism standards applied consistently across reporting of casualties and suffering. |
| Bias (Anti-Israel=0, Neutral=5, Pro-Israel=10) | 0-10 | 5.75 | Nearly neutral with slight pro-Israel lean (appropriate) - Sourcing naturally includes Israeli military as authoritative source for hostage return (8/10), balanced by neutral AP framing (5/10), PBS standards (5/10), and ICRC involvement (5/10). The slight pro-Israel element reflects proper source selection rather than editorial bias. Represents balanced professional journalism. |

OVERALL SYNTHESIS: This article scores 9/10 for accuracy, 0/10 for propaganda indicators, and 5.75/10 for bias (nearly neutral with appropriate slight pro-Israel lean). The piece represents exemplary professional journalism - neutral language, proper attribution, factual focus, and respectful tone. PBS/AP demonstrate consistent high standards in reporting casualties and suffering across the conflict. The moderate sourcing lean toward Israel (5.75/10) reflects that Israeli military is appropriate source for hostage returns rather than editorial bias."
"PBS reports Gaza death toll exceeds 69,000 as Israel and Hamas exchange more remains. Headline presents both death toll and remains exchange in balanced framing. Limited content available for detailed analysis.","ACCURACY ASSESSMENT: VERIFIABLE ELEMENTS: (1) Death toll of 69,000+ aligns with Gaza health ministry figures cited by Reuters and AP. (2) Remains exchanges have occurred between Israel and Hamas - documented by multiple sources. (3) Both elements happening concurrently is factually accurate. ACCURACY CONCERNS: (1) Death toll lacks attribution to Gaza health ministry in headline. (2) No distinction between civilian and combatant casualties mentioned. (3) Cannot verify whether full article provides context about sourcing and verification limitations. BALANCED FRAMING: Unlike Al Jazeera's framing of 'Israel's war on Gaza,' PBS uses neutral construction acknowledging both parties: 'Israel and Hamas exchange' positions both as actors.",7,"PROPAGANDA INDICATORS: Headline demonstrates relatively balanced framing. NEUTRAL LANGUAGE: 'Death toll tops' is factual. 'Israel and Hamas exchange' acknowledges both parties as actors in conflict, contrasting with one-sided framings. BALANCED STRUCTURE: Headline presents two elements - Palestinian casualties and Israeli casualties (remains) - giving weight to suffering on both sides. NO LOADED TERMINOLOGY: Avoids terms like 'genocide,' 'massacre,' 'slaughter' in favor of neutral 'death toll.' NO AGENCY DISTORTION: 'Israel and Hamas' construction treats both as active parties rather than positioning Israel as sole aggressor. MINIMAL PROPAGANDA: Based on headline, PBS appears to maintain professional neutrality. Cannot assess full article content. CLASSIFICATION: ✅ Not propaganda - Headline demonstrates balanced framing acknowledging both parties and presenting multiple dimensions of conflict situation.",1,"| Source | Controversial? | Explanation |
|--------|----------------|-------------|
| Gaza health ministry (implied for death toll) | Partially | Death toll figures come from Hamas-controlled authority; generally considered broadly credible by international organizations but cannot be independently verified and don't distinguish combatants from civilians; should be attributed |
| Israeli and Hamas sources (implied for exchanges) | No | Remains exchanges are facilitated by Red Cross and confirmed by both parties; verifiable facts |
| PBS | No | Public broadcasting outlet maintains professional standards; not on prohibited list |","| Source | Bias Rating (0-10) | Bias Direction | Justification |
|--------|-------------------|----------------|---------------|
| Gaza health ministry (for death toll) | 1 | Strongly anti-Israel | Hamas-controlled authority with interest in maximizing casualty figures; however, figures broadly credible |
| Exchange reports (both sides) | 5 | Neutral | Remains exchanges confirmed by both parties and Red Cross; factual |
| PBS framing | 5 | Neutral | Balanced headline acknowledging both parties; presents Palestinian and Israeli casualties; neutral language |

BIAS MEAN SCORE: 3.67 out of 10
INTERPRETATION: Sourcing shows slight pro-Palestinian lean (3.67/10) due to inclusion of Gaza health ministry figures (1/10), but PBS's neutral framing (5/10) and balanced presentation of both sides' casualties creates overall moderate positioning. PBS demonstrates professional journalism by acknowledging both parties and avoiding one-sided victim narrative.","VERIFICATION SOURCES USED:
1. Reuters reporting on Gaza death toll, November 2025
2. Associated Press coverage of remains exchanges, November 2025
3. Times of Israel reporting on hostage remains returns, November 2025
4. Council on Foreign Relations backgrounder on Israel-Hamas conflict, 2025
5. Congressional Research Service Report on Gaza casualty verification, 2025
6. International Committee of the Red Cross reports on exchange facilitation, 2025
7. BBC News reporting on Gaza humanitarian situation, November 2025
8. Haaretz coverage of casualty statistics methodology, 2024-2025
9. RAND Corporation analysis on urban warfare casualty assessment, 2024
10. The Economist analysis of Gaza conflict statistics, 2025","| Metric | Scale | Score | Interpretation |
|--------|-------|-------|----------------|
| Accuracy | 0-10 | 7 | Good accuracy - Death toll figure aligns with widely reported Gaza health ministry statistics. Remains exchanges are documented facts. However, lacks attribution for death toll and doesn't note verification limitations or combatant/civilian distinction. Limited content prevents full assessment. |
| Propaganda | 0-10 | 1 | Minimal propaganda - Headline demonstrates balanced framing acknowledging both Israel and Hamas as actors, presenting both Palestinian casualties and Israeli casualties (remains). Neutral language without loaded terminology. Professional journalism standards evident. |
| Bias (Anti-Israel=0, Neutral=5, Pro-Israel=10) | 0-10 | 3.67 | Slight pro-Palestinian lean (approaching neutral) - Inclusion of Gaza health ministry death toll (1/10 bias) balanced by neutral PBS framing (5/10) and acknowledgment of both parties. Overall demonstrates professional balance and avoids one-sided victim narrative seen in more biased outlets. |

OVERALL SYNTHESIS: This article scores 7/10 for accuracy, 1/10 for propaganda indicators, and 3.67/10 for bias (slight pro-Palestinian lean, approaching neutral). PBS demonstrates professional journalism by presenting balanced headline acknowledging both parties, including both Palestinian and Israeli casualties, and using neutral language. This contrasts favorably with more one-sided framing from outlets like Al Jazeera. PBS maintains relatively consistent standards across conflict coverage."